canal,date_collecte,recherche,intitule,entreprise_ou_diffuseur,lieu,contrat_indique,teletravail,salaire_min,salaire_max,salaire_texte,hors_marketing,note,lien
Adzuna,2026-09-29,marketing / France,Marketing Manager,Cord,Paris,,,,,,non,,https://www.adzuna.fr/details/5287877192
Adzuna,2026-09-29,marketing / France,Chargé de Marketing & Communication H/F (Intérim),Michael Page,"Paris 01 Louvre, 75001",Intérim,oui,,,,non,cabinet de recrutement,https://www.adzuna.fr/land/ad/5885235256
Adzuna,2026-09-29,marketing / France,Assistant Marketing (Formation professionnelle continue par correspondance),EFC,France,,,,,,oui,"publicité pour une formation, pas un emploi",https://www.adzuna.fr/land/ad/5902207294
Adzuna,2026-09-29,marketing / France,Responsable Communication marketing (H/F),France Travail,"Lyon 7e arrondissement, Auvergne-Rhône-Alpes",,,,,,non,reprise d'une offre France Travail : doublon possible avec les données du prof,https://www.adzuna.fr/details/5877986519
Adzuna,2026-09-29,marketing / France,Directeur marketing h/f (CDI),Horus Conseils,"Bordeaux, 33000",CDI,,,,,non,cabinet de recrutement,https://www.adzuna.fr/land/ad/5893254038
Adzuna,2026-09-29,marketing / France,Chargé.e de marketing F/H,Aureïs Formation,"Cesson-Sévigné, Bretagne, 35510",,,,,,oui,"publicité pour une formation, pas un emploi",https://www.adzuna.fr/details/5694880628
Adzuna,2026-09-29,marketing / France,Product Marketing Manager,Agence Mantu,Paris,,,,,,non,,https://www.adzuna.fr/land/ad/5895090717
Adzuna,2026-09-29,marketing / France,Marketing Strategy Manager (Remote),Hire Feed,France,,oui,,,,non,"poste 100 % à distance, employeur non précisé",https://www.adzuna.fr/land/ad/5887588285
Adzuna,2026-09-29,marketing / France,Chargé de Marketing & Communication H/F,,Paris,,oui,42000,48000,48000 - 42000,non,,https://www.adzuna.fr/details/5884344155
Adzuna,2026-09-29,marketing / France,Nos super offres || Chef.fe de projet Marketing client,Wint,Hauts-de-France,,,,,,non,,https://www.adzuna.fr/details/5741615130
Adzuna,2026-09-29,marketing / Clermont-Ferrand,Vendeur Mobile sur les Marchés H/F,Manpower,"Clermont-Ferrand, 63100",,,25800,25800,2150 - 2150 EUR MONTHLY,oui,salaire mensuel x 12,https://www.adzuna.fr/land/ad/5902148208
Adzuna,2026-09-29,marketing / Clermont-Ferrand,Responsable Marketing (H/F),Verdot,"Saint-Beauzire, Auvergne-Rhône-Alpes, 63360",,,,,,non,,https://www.adzuna.fr/details/5869162498
Adzuna,2026-09-29,marketing / Clermont-Ferrand,Responsable achats,Jobberry,Clermont-Ferrand,,,,,,oui,,https://www.adzuna.fr/land/ad/5785295393
Adzuna,2026-09-29,marketing / Clermont-Ferrand,COMMERCIAL ULTIMATE CUP (COMPÉTITION AUTOMOBILE) (H/F),France Travail,"Gerzat, Auvergne-Rhône-Alpes, 63360",,,,,,oui,reprise d'une offre France Travail ; poste commercial,https://www.adzuna.fr/details/5885640290
Adzuna,2026-09-29,marketing / Clermont-Ferrand,Chef de Mission H/F,Achil,"Chamalières, 63400",,,50000,55000,50000 - 55000 EUR YEARLY,oui,expertise comptable,https://www.adzuna.fr/land/ad/5879092520
Adzuna,2026-09-29,marketing / Clermont-Ferrand,Chef de Mission H/F,Achil,"Aubière, 63170",,,40000,45000,40000 - 45000 EUR YEARLY,oui,expertise comptable,https://www.adzuna.fr/land/ad/5900170261
Adzuna,2026-09-29,marketing / Clermont-Ferrand,Team Leader H/F,CGI,"Clermont-Ferrand, 63100",,oui,,,,oui,conseil informatique,https://www.adzuna.fr/land/ad/5892214261
Adzuna,2026-09-29,marketing / Clermont-Ferrand,Assistant(e) Marketing / Communication en alternance,Alfae,"Clermont-Ferrand, Auvergne-Rhône-Alpes",alternance,,,,,non,école qui recrute des alternants,https://www.adzuna.fr/details/5859042801
Adzuna,2026-09-29,marketing / Clermont-Ferrand,Attaché commercial et recrutement H/F,Domino RH,Clermont-Ferrand,,,,,,oui,poste commercial / RH,https://www.adzuna.fr/land/ad/5890514239
Adzuna,2026-09-29,marketing / Clermont-Ferrand,Chef de mission H/F - Conseil client,Achil.,Clermont-Ferrand,,oui,,,,oui,expertise comptable,https://www.adzuna.fr/land/ad/5901330737
