canal,date_collecte,recherche,intitule,entreprise_ou_diffuseur,lieu,contrat_annonce,etiquette_adzuna,teletravail,salaire_min,salaire_max,salaire_texte,hors_marketing,note,lien
Adzuna,2026-10-06,marketing / France,Marketing Manager,Cord,Paris,non précisé,plein temps,,,,,non,même annonce que le 29/09,https://www.adzuna.fr/details/5287877192
Adzuna,2026-10-06,marketing / France,Product Marketing Manager H/F,Swan,"Paris, 75000",non précisé,,,,,,non,,https://www.adzuna.fr/details/5913236679
Adzuna,2026-10-06,marketing / France,Head Of Marketing H/F,Swanio,"Paris, 75000",non précisé,,,,,,non,,https://www.adzuna.fr/details/5913236760
Adzuna,2026-10-06,marketing / France,Product Marketing Manager H/F,Swanio,"Paris, 75000",non précisé,,,,,,non,texte identique à l'offre 5913236679 (Swan) : doublon probable,https://www.adzuna.fr/details/5913236677
Adzuna,2026-10-06,marketing / France,Chargé·e Marketing Opérationnel H/F,Groupe Up,"Gennevilliers, 92230",non précisé,,,5904,21876,492 - 1823 EUR MONTHLY,non,"fourchette mensuelle typique d'une alternance, mais l'annonce ne le dit pas ; salaire mensuel x 12",https://www.adzuna.fr/details/5897645581
Adzuna,2026-10-06,marketing / France,Marketing Analyst H/F,Salomon,"Annecy, 74370",non précisé,,,,,,non,,https://www.adzuna.fr/details/5869754703
Adzuna,2026-10-06,marketing / France,Chargé de Marketing et Communication Externe H/F,Emploi DomTom,"Saint-Denis, 97490",non précisé,,,,,,non,La Réunion,https://www.adzuna.fr/details/5913236664
Adzuna,2026-10-06,marketing / France,Customer Marketing Manager H/F,Pigment,"Paris, 75000",non précisé,plein temps,,,,,non,,https://www.adzuna.fr/details/5869754817
Adzuna,2026-10-06,marketing / France,Product Marketing Manager H/F,RCA,"Saint-Herblain, 44800",non précisé,,,,,,non,,https://www.adzuna.fr/details/5913236777
Adzuna,2026-10-06,marketing / France,Chargé de Marketing H/F,Kreno Consulting,Val-d'Oise - 95,CDI,,oui,35000,42000,35000 - 42000 EUR YEARLY,non,cabinet de recrutement ; poste à Cergy-Pontoise,https://www.adzuna.fr/details/5891187541
Adzuna,2026-10-06,marketing / Clermont-Ferrand,Responsable d'Agence H/F,Optineris,"Ussel, 19200",non précisé,,,31200,36000,2600 - 3000 EUR MONTHLY,oui,"agence d'intérim : poste commercial et management, sans niveau d'études ni formation marketing demandés ; salaire mensuel x 12",https://www.adzuna.fr/details/5906909324
Adzuna,2026-10-06,marketing / Clermont-Ferrand,Volontaire Aspirant - Assistant Militaire H/F,Armée de l'Air et de l'Espace,"Clermont-Ferrand, 63100",volontariat militaire (aspirant),plein temps,,19536,35184,1628 - 2932 EUR MONTHLY,non,poste de responsable communication (officier) ; salaire mensuel x 12,https://www.adzuna.fr/details/5726387307
Adzuna,2026-10-06,marketing / Clermont-Ferrand,Chargé d'Affaires en Électricité H/F,Start People,"Pont-du-Château, 63430",CDI,,,45000,55000,45000 - 55000 EUR YEARLY,oui,électricité,https://www.adzuna.fr/details/5880364646
Adzuna,2026-10-06,marketing / Clermont-Ferrand,Recruteur Indépendant H/F,Les Experts de l'emploi,"Aix, 19200",indépendant (non salarié),plein temps,,40000,40000,40000 - 40000 EUR YEARLY,oui,recrutement ; non salarié,https://www.adzuna.fr/details/5904461670
Adzuna,2026-10-06,marketing / Clermont-Ferrand,Recruteur Indépendant H/F,Mercato de l'emploi,"Issoire, 63500",indépendant (non salarié),plein temps,,30000,72000,2500 - 6000 EUR MONTHLY,oui,recrutement ; non salarié ; salaire mensuel x 12,https://www.adzuna.fr/details/5884100087
Adzuna,2026-10-06,marketing / Clermont-Ferrand,COMMERCIAL ULTIMATE CUP (COMPÉTITION AUTOMOBILE) /CLFOOT26 FL2026 (H/F),France Travail,"Gerzat, Auvergne-Rhône-Alpes, 63360",CDI ou CDD selon profil,,,,,,oui,même annonce que le 29/09 (contrat lu le 29/09) ; reprise d'une offre France Travail ; poste commercial,https://www.adzuna.fr/details/5885640290
Adzuna,2026-10-06,marketing / Clermont-Ferrand,Responsable d'Agence H/F,EB Conseils,"Clermont-Ferrand, 63100",non précisé,plein temps,,45000,60000,45000 - 60000 EUR YEARLY,oui,direction d'une agence d'expertise comptable ; cabinet de recrutement,https://www.adzuna.fr/details/5912040478
Adzuna,2026-10-06,marketing / Clermont-Ferrand,Assistant(e) Marketing / Communication en alternance,Alfae,"Clermont-Ferrand, Auvergne-Rhône-Alpes",alternance,,,,,,non,même annonce que le 29/09 (contrat lu le 29/09) ; école qui recrute des alternants pour une entreprise partenaire,https://www.adzuna.fr/details/5859042801
Adzuna,2026-10-06,marketing / Clermont-Ferrand,Professeur de Marketing pour donner des cours particuliers - télétravail possible,VOSCOURS,"Cournon-d'Auvergne, France",non précisé,,oui,,,12 à 28 €/h (dans l'annonce),oui,cours particuliers en complément de revenu : pas un poste de marketing,https://www.adzuna.fr/details/5911239746
Adzuna,2026-10-06,marketing / Clermont-Ferrand,Chef de mission H/F - Conseil client,Achil.,Clermont-Ferrand,CDI,CDI,oui,50000,60000,50-60 k€ brut annuel (dans l'annonce),oui,"expertise comptable ; même texte que l'offre 5901330737 du 29/09, republiée sous un autre numéro",https://www.adzuna.fr/details/5904891995
