canal,date_collecte,page_source,filtre_page,intitule,entreprise,lieu,contrat,teletravail,salaire_min,salaire_max,salaire_periode,salaire_texte,secteur,taille_entreprise,publie,note,lien
Welcome to the Jungle,2026-10-06,stage-marketing-digital,internship,Digital Marketing Intern – Havana Club - March 2027,Pernod Ricard,Paris,Stage,non autorisé,,,,,"Grande consommation, Boissons",18200,il y a 9 heures,,https://www.welcometothejungle.com/fr/companies/pernod-ricard/jobs/digital-marketing-intern-havana-club-march-2027_paris
Welcome to the Jungle,2026-10-06,stage-marketing-digital,internship,HAVAS MEDIA FRANCE - STAGE - JUNIOR DIGITAL TRADER - F/H,Havas France,Puteaux,Stage,,,,,,"Stratégie, Marketing / Communication",3500,il y a 11 heures,,https://www.welcometothejungle.com/fr/companies/havas-sa/jobs/havas-media-france-stage-junior-digital-trader-f-h_puteaux_HF_5GVNNW2
Welcome to the Jungle,2026-10-06,stage-marketing-digital,internship,Assistant·e Marketing Digital (H/F) - Stage,Ysé,Paris,Stage,fréquent,,,,,"Luxe, Mode",57,il y a 11 heures,,https://www.welcometothejungle.com/fr/companies/yse/jobs/assistant-e-marketing-digital-h-f-stage_paris_YS_mbd3KD7
Welcome to the Jungle,2026-10-06,stage-marketing-digital,internship,Internship - CRM & Digital Marketing - Greek Speaker,Numberly,Paris,Stage,occasionnel,1300,1600,mois,"1,3K à 1,6K € par mois","Digital Marketing / Data Marketing, IT / Digital",500,il y a 1 heure,,https://www.welcometothejungle.com/fr/companies/numberly-1000mercis/jobs/internship-crm-digital-marketing-greek-speaker_paris_NUMBE_qZL3lPr
Welcome to the Jungle,2026-10-06,stage-marketing-digital,internship,Stage Marketing & Production de contenu – Paris – Dès que possible - Stage (H/F),MISTER IA,Paris,Stage,occasionnel,1400,1500,mois,"1,4K à 1,5K € par mois","Intelligence artificielle / Machine Learning, Transformation",100,il y a 21 heures,,https://www.welcometothejungle.com/fr/companies/mister-ia/jobs/directeur-marketing-cmo-paris-cdi-h-f_paris
Welcome to the Jungle,2026-10-06,stage-marketing-digital,internship,Digital Marketing Consultant - Stage - Paris - F-H,Making Science,Paris,Stage,fréquent,1100,1400,mois,"1,1K à 1,4K € par mois","Marketing / Communication, Publicité",50,hier,,https://www.welcometothejungle.com/fr/companies/makingscience/jobs/digital-marketing-consultant-stage-paris-f-h_paris
Welcome to the Jungle,2026-10-06,stage-marketing-digital,internship,Marketing Manager - Intern,Jint,Paris,Stage,occasionnel,1000,1400,mois,"1K à 1,4K € par mois","Logiciels, SaaS / Cloud Services",45,hier,,https://www.welcometothejungle.com/fr/companies/jint/jobs/marketing-manager-intern_paris
Welcome to the Jungle,2026-10-06,stage-marketing-digital,internship,"Stagiaire Marketing Digital, Communication & Automatisation des Processus (H/F)",Schneider Electric,Grenoble,Stage,,,,,,"Ingénieries Spécialisées, Objets connectés",160000,il y a 11 heures,,https://www.welcometothejungle.com/fr/companies/schneider-electric/jobs/stagiaire-marketing-digital-communication-automatisation-des-processus-h-f_grenoble_SE_ZA90XQ3
Welcome to the Jungle,2026-10-06,stage-marketing-digital,internship,Chargé.e de Communication Digitale H/F - Stage,innocent,Paris,Stage,non autorisé,,,,,"Grande distribution, Grande consommation",100,hier,,https://www.welcometothejungle.com/fr/companies/innocent-drinks/jobs/charge-e-de-communication-digitale-h-f-stage_paris_INNOC_zkybWMy
Welcome to the Jungle,2026-10-06,stage-marketing-digital,internship,Chargé(e) Marketing Stratégique & Ops - STAGE,Happypal,Paris,Stage,occasionnel,,,,,"Application mobile, Intelligence artificielle / Machine Learning",45,il y a 19 heures,,https://www.welcometothejungle.com/fr/companies/happypal-2/jobs/user-marketing-analyst_paris
Welcome to the Jungle,2026-10-06,stage-marketing-digital,internship,Stage - Digital Adoption & Content Enablement Intern,Lemon Learning,Paris,Stage,occasionnel,,,,,"IT / Digital, Education",60,hier,,https://www.welcometothejungle.com/fr/companies/lemon-learning/jobs/digital-adoption-content-enablement-intern-stage-alternance_paris
Welcome to the Jungle,2026-10-06,stage-marketing-digital,internship,Chef.fe de Projet Média Digital Junior - Stage (H/F/X),Ferrero,Rouen,Stage,total,,,,,"Grande distribution, Grande consommation",1400,il y a 5 jours,,https://www.welcometothejungle.com/fr/companies/ferrero/jobs/chef-fe-de-projet-media-digital-junior-stage-h-f-x_rouen_FERRE_WmzNwwN
Welcome to the Jungle,2026-10-06,stage-marketing-digital,internship,"STAGE - Chargé(e) de Marketing Digital, CRM & Evènementiel(H/F)",Volkswagen Group France,Roissy-en-France,Stage,,,,,,"Mobilité, Automobile",744,il y a 4 jours,,https://www.welcometothejungle.com/fr/companies/volkswagen-group-france-fr/jobs/stage-charge-de-marketing-digital-crm-evenementiel-h-f_roissy-en-france
Welcome to the Jungle,2026-10-06,stage-marketing-digital,internship,STAGE - Assistant Publicité et Digital (H/F) - ŠKODA,Volkswagen Group France,Roissy-en-France,Stage,,,,,,"Mobilité, Automobile",744,il y a 4 jours,,https://www.welcometothejungle.com/fr/companies/volkswagen-group-france-fr/jobs/stage-assistant-publicite-et-digital-h-f-skoda_roissy-en-france
Welcome to the Jungle,2026-10-06,stage-marketing-digital,internship,STAGE -Chargé(e) de Marketing Digital & Social Media (H/F),Volkswagen Group France,Roissy-en-France,Stage,,,,,,"Mobilité, Automobile",744,il y a 4 jours,,https://www.welcometothejungle.com/fr/companies/volkswagen-group-france-fr/jobs/stage-charge-de-marketing-digital-social-media-h-f_roissy-en-france
Welcome to the Jungle,2026-10-06,stage-marketing-digital,internship,STAGE - Influence Digitale & Leader Advocacy,SUEZ,Puteaux,Stage,,,,,,"Environnement / Développement durable, SocialTech / GreenTech",40000,il y a 3 jours,,https://www.welcometothejungle.com/fr/companies/suez/jobs/stage-influence-digitale-leader-advocacy_puteaux
Welcome to the Jungle,2026-10-06,stage-marketing-digital,internship,STAGE — CHARGÉ(E) DE COMMUNICATION DIGITALE & RÉSEAUX SOCIAUX H/F,Hopscotch Groupe,Paris,Stage,non autorisé,,,,,"Digital, Relations publiques",1200,il y a 3 jours,,https://www.welcometothejungle.com/fr/companies/hopscotch/jobs/stage-charge-e-de-communication-digitale-reseaux-sociaux-h-f_paris
Welcome to the Jungle,2026-10-06,stage-marketing-digital,internship,Stage 6 mois - Chargé.e de Marketing & E-Commerce,Les Grappes,Paris,Stage,occasionnel,,,,,Boissons,55,il y a 4 jours,,https://www.welcometothejungle.com/fr/companies/les-grappes/jobs/stage-6-mois-charge-e-de-marketing-e-commerce_paris
Welcome to the Jungle,2026-10-06,stage-marketing-digital,internship,Chargé Marketing Digital | Stage | H/F,Hipto,Boulogne-Billancourt,Stage,occasionnel,1100,1300,mois,"1,1K à 1,3K € par mois","Marketing / Communication, Publicité",80,il y a 5 jours,,https://www.welcometothejungle.com/fr/companies/hipto/jobs/charge-marketing-digital-stage-h-f_boulogne-billancourt_HIPTO_o91z2rA
Welcome to the Jungle,2026-10-06,stage-marketing-digital,internship,Stage - Assistant Marketing Digital E-CRM & Loyalty International F/H,ERBORIAN INTERNATIONAL,Paris,Stage,non autorisé,,,,,Cosmétique,190,il y a 3 jours,,https://www.welcometothejungle.com/fr/companies/erborian-international/jobs/stage-assistant-marketing-digital-e-crm-loyalty-international-f-h_paris
Welcome to the Jungle,2026-10-06,emploi-alternance-marketing-paris,apprenticeship,Alternance – Attaché(e) de presse et réseaux sociaux,OneChocolate,Paris,Alternance,occasionnel,,,,,"Marketing / Communication, Relations publiques",14,il y a 1 heure,,https://www.welcometothejungle.com/fr/companies/onechocolate/jobs/alternance-attache-de-presse-et-reseaux-sociaux_paris
Welcome to the Jungle,2026-10-06,emploi-alternance-marketing-paris,apprenticeship,Consultant(e) Paid Media (SEA & Social Ads) - Alternance (H/F),Adveris,Paris,Alternance,fréquent,,,,,"Marketing / Communication, Digital",70,hier,,https://www.welcometothejungle.com/fr/companies/adveris/jobs/consultant-paid-media-sea-social-ads-alternance-h-f_paris
Welcome to the Jungle,2026-10-06,emploi-alternance-marketing-paris,apprenticeship,Chargé ou Chargée de communication - Alternance - H/F,Sciences Po,Paris,Alternance,fréquent,,,,,"Administration scolaire et universitaire, Education",1200,il y a 11 heures,,https://www.welcometothejungle.com/fr/companies/sciences-po/jobs/charge-ou-chargee-de-communication-alternance-h-f_paris_SP_Z1Jbggb
Welcome to the Jungle,2026-10-06,emploi-alternance-marketing-paris,apprenticeship,Alternance Consultant(e) communication Santé,BURSON,Levallois-Perret,Alternance,fréquent,,,,,"Marketing / Communication, Digital",115,il y a 18 heures,,https://www.welcometothejungle.com/fr/companies/burson/jobs/alternance-consultant-communication-sante_levallois-perret
Welcome to the Jungle,2026-10-06,emploi-alternance-marketing-paris,apprenticeship,Content & Growth - Alternance,AlumnEye,Paris,Alternance,occasionnel,,,,,"Recrutement, Formation",8,il y a 18 heures,,https://www.welcometothejungle.com/fr/companies/alumneye/jobs/content-manager-alternance_paris
Welcome to the Jungle,2026-10-06,emploi-alternance-marketing-paris,apprenticeship,Alternance -Growth Marketing & Events – B2B SaaS (H/F),PIXID,Courbevoie,Alternance,non autorisé,,,,,"IT / Digital, SaaS / Cloud Services",300,il y a 20 heures,,https://www.welcometothejungle.com/fr/companies/pixid/jobs/offre-d-alternance-field-marketing-b2b-h-f-paris_courbevoie
Welcome to the Jungle,2026-10-06,emploi-alternance-marketing-paris,apprenticeship,Alternance – AI Automation & GEO (Growth Builder) – Paris,Lemon Learning,Paris,Alternance,fréquent,,,,,"IT / Digital, Education",60,hier,,https://www.welcometothejungle.com/fr/companies/lemon-learning/jobs/alternance-ai-automation-geo-growth-builder-paris_paris
Welcome to the Jungle,2026-10-06,emploi-alternance-marketing-paris,apprenticeship,Alternance Marketing,La Solive,Paris,Alternance,occasionnel,,,,"1,4K à 1,8K € par jour","Environnement / Développement durable, EdTech",50,il y a 5 jours,"salaire affiché « par jour », sans doute une erreur de saisie (par mois ?) : non repris dans salaire_min/max ; le lien mentionne business-developer-b2b",https://www.welcometothejungle.com/fr/companies/la-solive/jobs/business-developer-b2b_paris_LS_WzP4mAN
Welcome to the Jungle,2026-10-06,emploi-alternance-marketing-paris,apprenticeship,ALTERNANCE - E-commerce SEO/GEO & Assistant de Contenu H/F,AXA,Malakoff,Alternance,fréquent,,,,,"Banque, Assurance",21889,il y a 3 jours,,https://www.welcometothejungle.com/fr/companies/axa/jobs/e-commerce-seo-geo-assistant-de-contenu-alternance_malakoff
Welcome to the Jungle,2026-10-06,emploi-alternance-marketing-paris,apprenticeship,Alternance Septembre 2026 - Assistant Chargé de communication (H/F),Publicis Connected Media,Paris,Alternance,non autorisé,,,,,"Design, Marketing / Communication",2000,il y a 5 jours,,https://www.welcometothejungle.com/fr/companies/publicis-media/jobs/alternance-septembre-2026-assistant-charge-de-communication-h-f_paris_PCM_kGp8jQ2
Welcome to the Jungle,2026-10-06,emploi-alternance-marketing-paris,apprenticeship,ALTERNANCE - Chargé de Projet Marketing et Communication à l'International H/F,Crédit Agricole,Paris,Alternance,fréquent,,,,,"Banque, Assurance",160000,il y a 5 jours,,https://www.welcometothejungle.com/fr/companies/groupe-credit-agricole/jobs/charge-de-projet-marketing-et-communication-a-l-international-h-f-h-f_paris
Welcome to the Jungle,2026-10-06,emploi-alternance-marketing-paris,apprenticeship,GESTION DES RÉSEAUX SOCIAUX & CONTENUS DIGITAUX,Gallia Paris,Pantin,Alternance,occasionnel,,,,,"Grande consommation, Restauration",20,il y a 4 jours,,https://www.welcometothejungle.com/fr/companies/gallia-paris/jobs/stagiaire-gestion-des-reseaux-sociaux-contenus-digitaux_pantin
Welcome to the Jungle,2026-10-06,emploi-alternance-marketing-paris,apprenticeship,Alternance Community Manager F/H,La Poste - Réseau national des bureaux de Poste,Paris,Alternance,,,,,,"Banque, Logistique",50000,il y a 8 jours,,https://www.welcometothejungle.com/fr/companies/groupe-la-poste/jobs/community-manager-f-h_paris
Welcome to the Jungle,2026-10-06,emploi-alternance-marketing-paris,apprenticeship,Consultant SEO/GEO - Alternance - Paris,datashake,Paris,Alternance,fréquent,,,,,"Digital Marketing / Data Marketing, Marketing / Communication",80,il y a 6 jours,,https://www.welcometothejungle.com/fr/companies/datashake/jobs/consultant-seo-alternance-paris_paris_DATAS_DmM6Rz8
Welcome to the Jungle,2026-10-06,emploi-alternance-marketing-paris,apprenticeship,Alternance : Assistant Community Manager (4 jours-1 jour uniquement) H/F,Malou,Paris,Alternance,non autorisé,,,,,"SaaS / Cloud Services, FoodTech",55,il y a 8 jours,,https://www.welcometothejungle.com/fr/companies/malou/jobs/chef-de-projet-food_paris
Welcome to the Jungle,2026-10-06,emploi-alternance-marketing-paris,apprenticeship,Alternance : chargé.e de compte SEO / Réseaux Sociaux (4 jours-1 jour uniquement) H/F,Malou,Paris,Alternance,fréquent,,,,,"SaaS / Cloud Services, FoodTech",55,il y a 8 jours,,https://www.welcometothejungle.com/fr/companies/malou/jobs/alternance-charge-e-de-compte-seo-reseaux-sociaux-4-jours-1-jour-uniquement-h-f_paris
Welcome to the Jungle,2026-10-06,emploi-alternance-marketing-paris,apprenticeship,Chef de projet Communication Medicale en alternance,SERVIER,Suresnes,Alternance,fréquent,,,,,Pharmaceutique / Biotechnologique,22000,il y a 7 jours,,https://www.welcometothejungle.com/fr/companies/servier/jobs/chef-de-projet-communication-medicale-en-alternance_suresnes_SERVI_xbZYVGY
Welcome to the Jungle,2026-10-06,emploi-alternance-marketing-paris,apprenticeship,Alternance E-commerce,Surprise-paris,Paris,Alternance,non autorisé,,,,,"Mode, E-commerce",15,il y a 8 jours,,https://www.welcometothejungle.com/fr/companies/surprise-paris/jobs/be4f7228-7d7b-46e8-b226-256926facb7e
Welcome to the Jungle,2026-10-06,emploi-alternance-marketing-paris,apprenticeship,Alternance Community Manager F/M,Cheerz,Paris,Alternance,fréquent,,,,,"Application mobile, E-commerce",120,il y a 11 jours,,https://www.welcometothejungle.com/fr/companies/cheerz/jobs/alternance-community-manager-f-m_paris_CHEER_6or1JG9
Welcome to the Jungle,2026-10-06,emploi-alternance-marketing-paris,apprenticeship,Chargé de Communication Externe - Alternance H/F,Crédit Agricole,La Défense,Alternance,occasionnel,,,,,"Banque, Assurance",160000,il y a 10 jours,,https://www.welcometothejungle.com/fr/companies/groupe-credit-agricole/jobs/charge-de-communication-externe-alternance-h-f_la-defense
