canal,date_collecte,publie,intitule,entreprise,lieu,contrat,teletravail,salaire_min,salaire_max,secteur,taille_entreprise,hors_marketing,lien
Welcome to the Jungle,2026-10-06,hier,Segment Lead FR - Team Market Strategy,Lucca,Nantes,CDI,fréquent,69000,80000,"IT / Digital, SaaS / Cloud Services",800,non,https://www.welcometothejungle.com/fr/companies/lucca/jobs/segment-lead-fr-team-market-strategy_nantes_LUCCA_eVrbzQK
Welcome to the Jungle,2026-10-06,hier,Paid Media Team Leader F/H,Stride-up,Paris,CDI,fréquent,51000,59000,"Marketing / Communication, Publicité",80,non,https://www.welcometothejungle.com/fr/companies/stride-up/jobs/paid-media-team-leader-f-h_paris
Welcome to the Jungle,2026-10-06,hier,Sea / Social Ads Account Manager Senior F/H,Stride-up,Paris,CDI,fréquent,64000,72000,"Marketing / Communication, Publicité",80,non,https://www.welcometothejungle.com/fr/companies/stride-up/jobs/sea-social-ads-account-manager-senior-f-h_paris
Welcome to the Jungle,2026-10-06,hier,Créatif Augmenté IA - Social Ads F/H,Stride-up,Paris,CDI,fréquent,44000,52000,"Marketing / Communication, Publicité",80,non,https://www.welcometothejungle.com/fr/companies/stride-up/jobs/motion-designer-monteur-se-video-f-h_paris
Welcome to the Jungle,2026-10-06,il y a 19 heures,Traffic Manager SEO (H/F),Vente-unique.com,Paris,CDI,occasionnel,38000,43000,"Art de vivre, E-commerce",240,non,https://www.welcometothejungle.com/fr/companies/vente-unique/jobs/traffic-manager-seo-h-f_paris_VENTE_J5xzMWV
Welcome to the Jungle,2026-10-06,hier,International Marketing Manager H/F @Chargemap,"Groupe Brakson (Chargemap, Mister EV, Saabre)",Strasbourg,CDI,fréquent,50000,55000,"Mobilité, Média",140,non,https://www.welcometothejungle.com/fr/companies/chargemap/jobs/country-marketing-manager-h-f-chargemap_strasbourg
Welcome to the Jungle,2026-10-06,hier,Team Leader SEO/GEO (H/F),Adveris,Paris,CDI,fréquent,50000,,"Marketing / Communication, Digital",70,non,https://www.welcometothejungle.com/fr/companies/adveris/jobs/team-leader-seo-h-f_paris
Welcome to the Jungle,2026-10-06,hier,Consultant.e SEO/GEO Senior (H/F),Adveris,Paris,CDI,fréquent,41000,51000,"Marketing / Communication, Digital",70,non,https://www.welcometothejungle.com/fr/companies/adveris/jobs/consultant-e-seo-senior-h-f_paris
Welcome to the Jungle,2026-10-06,il y a 11 heures,Administrateur(trice) Messagerie - Toulouse,Sopra Steria,Colomiers,CDI,fréquent,,,"IT / Digital, Organisation / Management",51000,oui,https://www.welcometothejungle.com/fr/companies/sopra-steria/jobs/administrateur-trice-messagerie-toulouse_colomiers
Welcome to the Jungle,2026-10-06,il y a 18 heures,Chargé SEO & GEO - CDI H/F,Nextories,Paris,CDI,occasionnel,30000,35000,"Logistique, E-commerce",55,non,https://www.welcometothejungle.com/fr/companies/nextories/jobs/service-marketing-h-f_paris
Welcome to the Jungle,2026-10-06,avant-hier,Head of Growth,Vintage Rides,Lyon,CDI,occasionnel,50000,,"Hôtellerie, Tourisme",15,non,https://www.welcometothejungle.com/fr/companies/vintage-rides-1/jobs/head-of-growth
Welcome to the Jungle,2026-10-06,il y a 23 minutes,Chargé de Communication Digitale H/F,CROWE FIDELIANCE,Fontainebleau,CDI,fréquent,30000,35000,"Expertise comptable, Audit",509,non,https://www.welcometothejungle.com/fr/companies/crowe-groupe-fideliance/jobs/charge-de-communication-digitale-h-f_fontainebleau
Welcome to the Jungle,2026-10-06,hier,Team Lead SEO/GEO,datashake,Paris,CDI,fréquent,,,"Digital Marketing / Data Marketing, Marketing / Communication",80,non,https://www.welcometothejungle.com/fr/companies/datashake/jobs/team-lead-seo-geo_paris
Welcome to the Jungle,2026-10-06,il y a 2 heures,Consultant(e) SEO confirmé(e) / sénior,Uplix,Paris,CDI,occasionnel,,,"Intelligence artificielle / Machine Learning, Digital Marketing / Data Marketing",38,non,https://www.welcometothejungle.com/fr/companies/uplix/jobs/consultant-seo-confirme-senior_paris
Welcome to the Jungle,2026-10-06,il y a 2 heures,"Team leader, consultant SEO",Uplix,Paris,CDI,occasionnel,,,"Intelligence artificielle / Machine Learning, Digital Marketing / Data Marketing",38,non,https://www.welcometothejungle.com/fr/companies/uplix/jobs/team-leader-consultant-seo_paris
Welcome to the Jungle,2026-10-06,il y a 8 heures,Chargé de Trade Marketing (H/F) - Néerlandophone,Linking Talents,Paris,CDI,total,30000,45000,Ressources humaines,200,non,https://www.welcometothejungle.com/fr/companies/linking-talents/jobs/charge-de-trade-marketing-h-f-neerlandophone_paris_LT_MyJ1lDJ
Welcome to the Jungle,2026-10-06,il y a 10 heures,Responsable communication F/H - Loos,Etablissement français du sang,Loos,CDI,,,,"Santé, Administration publique",9666,non,https://www.welcometothejungle.com/fr/companies/etablissement-francais-du-sang-1/jobs/responsable-de-la-communication-f-h_loos
Welcome to the Jungle,2026-10-06,il y a 11 heures,PREPARATEUR AU RAVITAILLEMENT MEDICAL,Civils de la Défense - Ministère des Armées et des Anciens combattants,Marseille,CDI,non autorisé,,,"IT / Digital, Cybersécurité",64000,oui,https://www.welcometothejungle.com/fr/companies/ministere-des-armees-fr/jobs/preparateur-au-ravitaillement-medical_marseille_CDLDMDA_XMQZGy2
Welcome to the Jungle,2026-10-06,il y a 11 heures,Growth Marketing Specialist - Project Business (m/f/d),Hager,Paris,CDI,fréquent,,,"Application mobile, Electronique / Télécommunications",13000,non,https://www.welcometothejungle.com/fr/companies/hager-group/jobs/growth-marketing-specialist-project-business-m-f-d_paris
Welcome to the Jungle,2026-10-06,il y a 11 heures,Growth Marketing Specialist - Bu Energy Management And Transversal (m/f/d),Hager,Paris,CDI,fréquent,,,"Application mobile, Electronique / Télécommunications",13000,non,https://www.welcometothejungle.com/fr/companies/hager-group/jobs/growth-marketing-specialist-bu-energy-management-and-transversal-m-f-d_paris
