fichier_source,canal,date_collecte,intitule,entreprise,lieu,contrat,lien_master,raison_ecart,lien
welcome_to_the_jungle_2026-09-29.csv,Welcome to the Jungle,2026-09-29,CHARGE D'ETUDES ACTUARIELLES H/F,Groupe AGRICA,Paris,CDI,hors champ,sans lien avec un master Marketing Vente,https://www.welcometothejungle.com/fr/companies/groupe-agrica/jobs/charge-d-etudes-actuarielles-h-f_paris_GA_DJZg2ro
welcome_to_the_jungle_2026-09-29.csv,Welcome to the Jungle,2026-09-29,Agent exécution liquidation de marchés au bureau finances du CSTA NANCY (54),Civils de la Défense - Ministère des Armées et des Anciens combattants,Nancy,CDI,hors champ,sans lien avec un master Marketing Vente,https://www.welcometothejungle.com/fr/companies/ministere-des-armees-fr/jobs/agent-execution-liquidation-de-marches-au-bureau-finances-du-csta-nancy-54_nancy_CDLDMDAEDAC_Dy5w33o
adzuna_2026-09-29.csv,Adzuna,2026-09-29,Marketing Manager,Cord,Paris,non précisé,marketing,contrat non précisé dans l'annonce,https://www.adzuna.fr/details/5287877192
adzuna_2026-09-29.csv,Adzuna,2026-09-29,Assistant Marketing (Formation professionnelle continue par correspondance),EFC,France,aucun (formation),hors champ,"formation, pas un emploi",https://www.adzuna.fr/details/5902207294
adzuna_2026-09-29.csv,Adzuna,2026-09-29,Responsable Communication marketing (H/F),France Travail,"Lyon 7e arrondissement, Auvergne-Rhône-Alpes",non précisé,marketing,contrat non précisé dans l'annonce,https://www.adzuna.fr/details/5877986519
adzuna_2026-09-29.csv,Adzuna,2026-09-29,Chargé.e de marketing F/H,Formation - We Recruit,"Cesson-Sévigné, Bretagne, 35510",non précisé,marketing,contrat non précisé dans l'annonce,https://www.adzuna.fr/details/5694880628
adzuna_2026-09-29.csv,Adzuna,2026-09-29,Product Marketing Manager,Agence Mantu,Paris,non précisé,marketing,contrat non précisé dans l'annonce,https://www.adzuna.fr/details/5895090717
adzuna_2026-09-29.csv,Adzuna,2026-09-29,Marketing Strategy Manager (Remote),Hire Feed,France,non précisé,marketing,contrat non précisé dans l'annonce,https://www.adzuna.fr/details/5887588285
adzuna_2026-09-29.csv,Adzuna,2026-09-29,Nos super offres || Chef.fe de projet Marketing client,Wint,Hauts-de-France,non précisé,marketing,contrat non précisé dans l'annonce,https://www.adzuna.fr/details/5741615130
adzuna_2026-09-29.csv,Adzuna,2026-09-29,Vendeur Mobile sur les Marchés H/F,Manpower,"Clermont-Ferrand, 63100",CDI,hors champ,sans lien avec un master Marketing Vente (vente sans niveau d'études demandé),https://www.adzuna.fr/details/5902148208
adzuna_2026-09-29.csv,Adzuna,2026-09-29,Responsable Marketing (H/F),Verdot,"Saint-Beauzire, Auvergne-Rhône-Alpes, 63360",non précisé,marketing,contrat non précisé dans l'annonce,https://www.adzuna.fr/details/5869162498
adzuna_2026-09-29.csv,Adzuna,2026-09-29,Responsable achats,Jobberry,Clermont-Ferrand,CDI,hors champ,sans lien avec un master Marketing Vente (achats),https://www.adzuna.fr/details/5785295393
adzuna_2026-09-29.csv,Adzuna,2026-09-29,Chef de Mission H/F,Achil,"Chamalières, 63400",CDI,hors champ,sans lien avec un master Marketing Vente (expertise comptable),https://www.adzuna.fr/details/5879092520
adzuna_2026-09-29.csv,Adzuna,2026-09-29,Chef de Mission H/F,Achil,"Aubière, 63170",CDI,hors champ,sans lien avec un master Marketing Vente (expertise comptable),https://www.adzuna.fr/details/5900170261
adzuna_2026-09-29.csv,Adzuna,2026-09-29,Team Leader H/F,CGI,"Clermont-Ferrand, 63100",non précisé,hors champ,contrat non précisé dans l'annonce + sans lien avec un master Marketing Vente (informatique),https://www.adzuna.fr/details/5892214261
adzuna_2026-09-29.csv,Adzuna,2026-09-29,Attaché commercial et recrutement H/F,Domino RH,Clermont-Ferrand,non précisé,vente,contrat non précisé dans l'annonce,https://www.adzuna.fr/details/5890514239
adzuna_2026-09-29.csv,Adzuna,2026-09-29,Chef de mission H/F - Conseil client,Achil.,Clermont-Ferrand,CDI,hors champ,sans lien avec un master Marketing Vente (expertise comptable),https://www.adzuna.fr/details/5901330737
