canal,fichier_source,date_collecte,page_ou_recherche,intitule,entreprise,lieu,contrat,lien_master,teletravail,salaire_min,salaire_max,salaire_periode,salaire_texte,secteur,note,lien
Welcome to the Jungle,welcome_to_the_jungle_2026-09-29.csv,2026-09-29,emploi-marketing (filtre CDI de la page),RevOps Growth Manager (f/h/n),Hublo,Paris,CDI,marketing,occasionnel,55000,65000,an,,"Application mobile, SaaS / Cloud Services",,https://www.welcometothejungle.com/fr/companies/hublo/jobs/revops-growth-manager-f-h-n_paris
Welcome to the Jungle,welcome_to_the_jungle_2026-09-29.csv,2026-09-29,emploi-marketing (filtre CDI de la page),Consultant Global Sourcing Marketing Services H/F,EPSA Dev,Paris,CDI,marketing,,,,,,"Organisation / Management, Stratégie",,https://www.welcometothejungle.com/fr/companies/epsa-france/jobs/consultant-global-sourcing-marketing-services-h-f_paris_ED_aADw98V
Welcome to the Jungle,welcome_to_the_jungle_2026-09-29.csv,2026-09-29,emploi-marketing (filtre CDI de la page),HAVAS EVENTS - CDI - PLANNEUR(EUSE) STRATEGIQUE EVENEMENTIEL (F/H/X),Havas France,Puteaux,CDI,marketing,,,,,,"Stratégie, Marketing / Communication",,https://www.welcometothejungle.com/fr/companies/havas-sa/jobs/havas-events-cdi-planneur-euse-strategique-evenementiel-f-h-x_puteaux
Welcome to the Jungle,welcome_to_the_jungle_2026-09-29.csv,2026-09-29,emploi-marketing (filtre CDI de la page),Analyste Marché et Concurrence F/H,Thales,Vélizy-Villacoublay,CDI,marketing,,,,,,"Logiciels, Cybersécurité",,https://www.welcometothejungle.com/fr/companies/thales/jobs/analyste-marche-et-concurrence-f-h_velizy-villacoublay
Welcome to the Jungle,welcome_to_the_jungle_2026-09-29.csv,2026-09-29,emploi-marketing (filtre CDI de la page),Founder Communications & Thought Leadership Lead,Enky,"Levallois-Perret, Brussel",CDI,marketing,total,60000,65000,an,,"Aménagement / Design, E-commerce",,https://www.welcometothejungle.com/fr/companies/enky/jobs/founder-communications-thought-leadership-lead
Welcome to the Jungle,welcome_to_the_jungle_2026-09-29.csv,2026-09-29,emploi-marketing (filtre CDI de la page),RESPONSABLE E-COMMERCE & GROWTH,Vintage Rides,Lyon,CDI,marketing,occasionnel,50000,,an,,"Hôtellerie, Tourisme",,https://www.welcometothejungle.com/fr/companies/vintage-rides-1/jobs/responsable-e-commerce-growth
Welcome to the Jungle,welcome_to_the_jungle_2026-09-29.csv,2026-09-29,emploi-marketing (filtre CDI de la page),CHEF(FE) DE PROJET MARKETING DACH/UK,Les vergers Boiron,Châteauneuf-sur-Isère,CDI,marketing,fréquent,,,,,"Artisanat de bouche, Agroalimentaire / Nutrition animale",,https://www.welcometothejungle.com/fr/companies/les-vergers-boiron/jobs/chef-fe-de-projet-marketing-dach-uk_chateauneuf-sur-isere
Welcome to the Jungle,welcome_to_the_jungle_2026-09-29.csv,2026-09-29,emploi-marketing (filtre CDI de la page),Responsable Marketing,SWAGELOK PARIS,Villebon-sur-Yvette,CDI,marketing,occasionnel,,,,,"Ingénieries Spécialisées, Distribution sélective",,https://www.welcometothejungle.com/fr/companies/swagelok-paris/jobs/responsable-marketing_villebon-sur-yvette
Welcome to the Jungle,welcome_to_the_jungle_2026-09-29.csv,2026-09-29,emploi-marketing (filtre CDI de la page),Global Digital Communications Manager F/M,Betclic Group,Bordeaux,CDI,marketing,fréquent,,,,,Application mobile,,https://www.welcometothejungle.com/fr/companies/betclic/jobs/global-digital-communications-manager-f-m_bordeaux
Welcome to the Jungle,welcome_to_the_jungle_2026-09-29.csv,2026-09-29,emploi-marketing (filtre CDI de la page),Responsable des communautés digitales F/H,Département Du Val D'Oise,Cergy,CDI,marketing,,,,,,"Administration publique, Collectivités publiques et territoriales",,https://www.welcometothejungle.com/fr/companies/departement-du-val-d-oise/jobs/responsable-des-communautes-digitales-f-h_cergy
Welcome to the Jungle,welcome_to_the_jungle_2026-09-29.csv,2026-09-29,emploi-marketing (filtre CDI de la page),Senior Marketing Analyst (m/f/d),EGYM Wellpass - Ex Gymlib,Paris,CDI,marketing,fréquent,,,,,"Santé, Sport",,https://www.welcometothejungle.com/fr/companies/egym-wellpass/jobs/senior-marketing-analyst-m-f-d_paris
Welcome to the Jungle,welcome_to_the_jungle_2026-09-29.csv,2026-09-29,emploi-marketing (filtre CDI de la page),Team Leader SEO & GEO (H/F),Eskimoz,"Lyon, Boulogne-Billancourt",CDI,marketing,occasionnel,40000,50000,an,,"Digital Marketing / Data Marketing, Publicité",,https://www.welcometothejungle.com/fr/companies/eskimoz/jobs/manager-seo-geo-h-f_boulogne-billancourt
Welcome to the Jungle,welcome_to_the_jungle_2026-09-29.csv,2026-09-29,emploi-marketing (filtre CDI de la page),Responsable Communication et Marketing F/H,Castalie,Boulogne-Billancourt,CDI,marketing,,,,,,"Environnement / Développement durable, Art de vivre",,https://www.welcometothejungle.com/fr/companies/castalie/jobs/responsable-communication-et-marketing-f-h_boulogne-billancourt
Welcome to the Jungle,welcome_to_the_jungle_stages_alternances_2026-09-29.csv,2026-09-29,stage-marketing-digital (filtre internship),HAVAS MEDIA FRANCE - STAGE - CHARGÉ(E) MEDIA DIGITAL JUNIOR - F/H,Havas France,Puteaux,Stage,marketing,,,,,,"Stratégie, Marketing / Communication",,https://www.welcometothejungle.com/fr/companies/havas-sa/jobs/havas-media-france-stage-charge-e-media-digital-junior-f-h_puteaux_HF_Pxey2Q2
Welcome to the Jungle,welcome_to_the_jungle_stages_alternances_2026-09-29.csv,2026-09-29,stage-marketing-digital (filtre internship),Stage Assistant Marketing Digital International H/f/x,Hager,Obernai,Stage,marketing,fréquent,,,,,"Application mobile, Electronique / Télécommunications",,https://www.welcometothejungle.com/fr/companies/hager-group/jobs/stage-assistant-marketing-digital-international-h-f-x_obernai
Welcome to the Jungle,welcome_to_the_jungle_stages_alternances_2026-09-29.csv,2026-09-29,stage-marketing-digital (filtre internship),Chargé de mission marketing (F/H) - stage,AXA,Nanterre,Stage,marketing,fréquent,,,,,"Banque, Assurance",,https://www.welcometothejungle.com/fr/companies/axa/jobs/charge-de-mission-marketing-f-h-stage_nanterre
Welcome to the Jungle,welcome_to_the_jungle_stages_alternances_2026-09-29.csv,2026-09-29,stage-marketing-digital (filtre internship),Stagiaire Communication & Marketing Digital,Groupement Mousquetaires,Compiègne,Stage,marketing,,,,,,"Grande distribution, Agroalimentaire / Nutrition animale",,https://www.welcometothejungle.com/fr/companies/groupement-les-mousquetaires/jobs/stagiaire-communication-marketing-digital_compiegne
Welcome to the Jungle,welcome_to_the_jungle_stages_alternances_2026-09-29.csv,2026-09-29,stage-marketing-digital (filtre internship),Stage – Chargé(e) de Communication & Marketing Digital 360° (6 mois),WinMinute,Paris,Stage,marketing,occasionnel,1000,,mois,≥ 1K € par mois,"Application mobile, Grande distribution",,https://www.welcometothejungle.com/fr/companies/winminute/jobs/stage-assistant-communication-et-rh_paris
Welcome to the Jungle,welcome_to_the_jungle_stages_alternances_2026-09-29.csv,2026-09-29,stage-marketing-digital (filtre internship),Stage 6 mois - Assistant·e Marketing Digital - CRM Manager,Oh My Cream,Paris,Stage,marketing,occasionnel,,,,,"Luxe, Mode",,https://www.welcometothejungle.com/fr/companies/oh-my-cream/jobs/stage-assistant-e-crm-manager_paris
Welcome to the Jungle,welcome_to_the_jungle_stages_alternances_2026-09-29.csv,2026-09-29,stage-marketing-digital (filtre internship),Stage Assistant·e Marketing Digital - Traffic Manager,Oh My Cream,Paris,Stage,marketing,occasionnel,,,,,"Luxe, Mode",,https://www.welcometothejungle.com/fr/companies/oh-my-cream/jobs/assistant-traffic-management-crm_paris_OMC_zJP7Ax0
Welcome to the Jungle,welcome_to_the_jungle_stages_alternances_2026-09-29.csv,2026-09-29,stage-marketing-digital (filtre internship),Marketing Digital Intern [Stage],LeCab,Puteaux,Stage,marketing,fréquent,1000,,mois,≥ 1K € par mois,"Application mobile, Logiciels",,https://www.welcometothejungle.com/fr/companies/lecab/jobs/marketing-digital-intern-stage_puteaux
Welcome to the Jungle,welcome_to_the_jungle_stages_alternances_2026-09-29.csv,2026-09-29,stage-marketing-digital (filtre internship),Stage - Digital Tracking Manager (F/H),CoSpirit,Lyon,Stage,marketing,non autorisé,,,,,"Digital Marketing / Data Marketing, Média",,https://www.welcometothejungle.com/fr/companies/cospirit-groupe/jobs/stage-digital-tracking-manager-f-h_lyon_COSPI_yqZKLmK
Welcome to the Jungle,welcome_to_the_jungle_stages_alternances_2026-09-29.csv,2026-09-29,stage-marketing-digital (filtre internship),Stage Marketing Digital,KLIMA SCHOOL - ANDROMEDE,Nanterre,Stage,marketing,occasionnel,,,,,"Économie collaborative, Education",,https://www.welcometothejungle.com/fr/companies/klima-school-andromede/jobs/stage-marketing-digital_nanterre
Welcome to the Jungle,welcome_to_the_jungle_stages_alternances_2026-09-29.csv,2026-09-29,stage-marketing-digital (filtre internship),Stage Marketing Digital - Assistant(e) Responsable Acquisition My Little Box,My Little Paris,Paris,Stage,marketing,fréquent,,,,,"Média, E-commerce",,https://www.welcometothejungle.com/fr/companies/my-little-paris/jobs/stage-assistant-responsable-acquisition-my-little-box_paris
Welcome to the Jungle,welcome_to_the_jungle_stages_alternances_2026-09-29.csv,2026-09-29,stage-marketing-digital (filtre internship),HAVAS MEDIA FRANCE - STAGE - JUNIOR DIGITAL TRADER - F/H,Havas France,Puteaux,Stage,marketing,,,,,,"Stratégie, Marketing / Communication",,https://www.welcometothejungle.com/fr/companies/havas-sa/jobs/havas-media-france-stage-junior-digital-trader-f-h_puteaux
Welcome to the Jungle,welcome_to_the_jungle_stages_alternances_2026-09-29.csv,2026-09-29,stage-marketing-digital (filtre internship),Stage Marketing Growth,Rivage,Paris,Stage,marketing,occasionnel,1200,1200,mois,"1,2K €","Intelligence artificielle / Machine Learning, SaaS / Cloud Services",période du salaire non précisée (probablement mensuelle),https://www.welcometothejungle.com/fr/companies/rivage/jobs/stage-marketing-growth_paris
Welcome to the Jungle,welcome_to_the_jungle_stages_alternances_2026-09-29.csv,2026-09-29,stage-marketing-digital (filtre internship),Stagiaire Marketing & Communication Digitale,Adaptel,Paris,Stage,marketing,non autorisé,,,,,"Hôtellerie, Restauration",,https://www.welcometothejungle.com/fr/companies/adaptel/jobs/stagiaire-marketing-communication-digitale_paris
Welcome to the Jungle,welcome_to_the_jungle_stages_alternances_2026-09-29.csv,2026-09-29,stage-marketing-digital (filtre internship),"Assistant·e newsletters, fidélisation & marketing digital (stage)",Evaneos,Paris,Stage,marketing,occasionnel,1200,1400,mois,"1,2K à 1,4K €","Tourisme, SocialTech / GreenTech",période du salaire non précisée (probablement mensuelle),https://www.welcometothejungle.com/fr/companies/evaneos/jobs/assistant-e-newsletters-fidelisation-marketing-digital-stage_paris
Welcome to the Jungle,welcome_to_the_jungle_stages_alternances_2026-09-29.csv,2026-09-29,stage-marketing-digital (filtre internship),ASSISTANT.E PRODUCT GROWTH / CHEF.FE DE PROJET DIGITAL (H/F),Decathlon,Annecy,Stage,marketing,fréquent,,,,,"Sport, Distribution sélective",,https://www.welcometothejungle.com/fr/companies/decathlon/jobs/assistant-e-product-growth-chef-fe-de-projet-digital-h-f_annecy
Welcome to the Jungle,welcome_to_the_jungle_stages_alternances_2026-09-29.csv,2026-09-29,stage-marketing-digital (filtre internship),Stage assistant marketing digital F/H/X,Socomec,Benfeld,Stage,marketing,non autorisé,,,,,"Electronique / Télécommunications, SocialTech / GreenTech",,https://www.welcometothejungle.com/fr/companies/socomec/jobs/stage-assistant-marketing-digital-f-h-x_benfeld_SOCOM_OAerPek
Welcome to the Jungle,welcome_to_the_jungle_stages_alternances_2026-09-29.csv,2026-09-29,stage-marketing-digital (filtre internship),Stage - Assistant chef de projet digital H/F,Burger King France,Clichy,Stage,marketing,,,,,,"Grande consommation, Restauration",,https://www.welcometothejungle.com/fr/companies/burger-king-1/jobs/stage-assistant-chef-de-projet-digital-h-f_clichy_BKF_AJzdP3R
Welcome to the Jungle,welcome_to_the_jungle_stages_alternances_2026-09-29.csv,2026-09-29,stage-marketing-digital (filtre internship),Growth Digital Strategy Intern,Edenred,Issy-les-Moulineaux,Stage,marketing,non autorisé,,,,,FinTech / InsurTech,,https://www.welcometothejungle.com/fr/companies/edenred-holding/jobs/growth-marketing-intern_issy-les-moulineaux
Welcome to the Jungle,welcome_to_the_jungle_stages_alternances_2026-09-29.csv,2026-09-29,stage-marketing-digital (filtre internship),Stage - 6 mois - Chargé de Produits Marketing B2B F/H,Natixis,Paris,Stage,marketing,non autorisé,,,,,"Banque, Transformation",,https://www.welcometothejungle.com/fr/companies/natixis/jobs/stage-6-mois-charge-de-produits-marketing-b2b-f-h_paris
Welcome to the Jungle,welcome_to_the_jungle_stages_alternances_2026-09-29.csv,2026-09-29,emploi-alternance-marketing-paris (filtre apprenticeship),Alternance Community Manager F/H,La Poste - Réseau national des bureaux de Poste,Paris,Alternance,marketing,,,,,,"Banque, Logistique",,https://www.welcometothejungle.com/fr/companies/groupe-la-poste/jobs/community-manager-f-h_paris
Welcome to the Jungle,welcome_to_the_jungle_stages_alternances_2026-09-29.csv,2026-09-29,emploi-alternance-marketing-paris (filtre apprenticeship),Growth Marketing – Fashion Marketplaces - Paris,The Agent,Paris,Alternance,marketing,fréquent,,,,,"Digital Marketing / Data Marketing, Mode",,https://www.welcometothejungle.com/fr/companies/the-agent-1/jobs/growth-marketing-fashion-marketplaces-paris_paris
Welcome to the Jungle,welcome_to_the_jungle_stages_alternances_2026-09-29.csv,2026-09-29,emploi-alternance-marketing-paris (filtre apprenticeship),"Alternance Marketing et Communication H/F (B2B, Tech)",AISI,Saint-Mandé,Alternance,marketing,non autorisé,,,,,Cybersécurité,,https://www.welcometothejungle.com/fr/companies/aisi/jobs/charge-de-marketing-digital-en-alternance-cybersecurite-btob_saint-mande
Welcome to the Jungle,welcome_to_the_jungle_stages_alternances_2026-09-29.csv,2026-09-29,emploi-alternance-marketing-paris (filtre apprenticeship),Alternance : Assistant Community Manager (4 jours-1 jour uniquement) H/F,Malou,Paris,Alternance,marketing,non autorisé,,,,,"SaaS / Cloud Services, FoodTech",,https://www.welcometothejungle.com/fr/companies/malou/jobs/chef-de-projet-food_paris
Welcome to the Jungle,welcome_to_the_jungle_stages_alternances_2026-09-29.csv,2026-09-29,emploi-alternance-marketing-paris (filtre apprenticeship),Alternance : chargé.e de compte SEO / Réseaux Sociaux (4 jours-1 jour uniquement) H/F,Malou,Paris,Alternance,marketing,fréquent,,,,,"SaaS / Cloud Services, FoodTech",,https://www.welcometothejungle.com/fr/companies/malou/jobs/alternance-charge-e-de-compte-seo-reseaux-sociaux-4-jours-1-jour-uniquement-h-f_paris
Welcome to the Jungle,welcome_to_the_jungle_stages_alternances_2026-09-29.csv,2026-09-29,emploi-alternance-marketing-paris (filtre apprenticeship),Alternance E-commerce,Surprise-paris,Paris,Alternance,marketing,non autorisé,,,,,"Mode, E-commerce",,https://www.welcometothejungle.com/fr/companies/surprise-paris/jobs/be4f7228-7d7b-46e8-b226-256926facb7e
Welcome to the Jungle,welcome_to_the_jungle_stages_alternances_2026-09-29.csv,2026-09-29,emploi-alternance-marketing-paris (filtre apprenticeship),Consultant(e) Paid Media (SEA & Social Ads) - Alternance (H/F),Adveris,Paris,Alternance,marketing,fréquent,,,,,"Marketing / Communication, Digital",,https://www.welcometothejungle.com/fr/companies/adveris/jobs/consultant-paid-media-sea-social-ads-alternance-h-f_paris
Welcome to the Jungle,welcome_to_the_jungle_stages_alternances_2026-09-29.csv,2026-09-29,emploi-alternance-marketing-paris (filtre apprenticeship),Alternance/stage Marketing,La Solive,Paris,Alternance,marketing,occasionnel,,,,,"Environnement / Développement durable, EdTech",lieu affiché Paris mais le lien mentionne Villeurbanne (Lyon),https://www.welcometothejungle.com/fr/companies/la-solive/jobs/charge-de-projet-gestion-de-campus-lyon-alternance_villeurbanne_LS_A12mKMq
Welcome to the Jungle,welcome_to_the_jungle_stages_alternances_2026-09-29.csv,2026-09-29,emploi-alternance-marketing-paris (filtre apprenticeship),ALTERNANCE - E-commerce SEO/GEO & Assistant de Contenu H/F,AXA,Malakoff,Alternance,marketing,fréquent,,,,,"Banque, Assurance",,https://www.welcometothejungle.com/fr/companies/axa/jobs/e-commerce-seo-geo-assistant-de-contenu-alternance_malakoff
Welcome to the Jungle,welcome_to_the_jungle_stages_alternances_2026-09-29.csv,2026-09-29,emploi-alternance-marketing-paris (filtre apprenticeship),Chargé de communication interne en alternance H/F,Atos,Bezons,Alternance,marketing,,19000,20000,an,19K à 20K €,IT / Digital,,https://www.welcometothejungle.com/fr/companies/atos/jobs/charge-de-communication-interne-en-alternance-h-f_bezons_ATOS_JAWLzLV
Welcome to the Jungle,welcome_to_the_jungle_stages_alternances_2026-09-29.csv,2026-09-29,emploi-alternance-marketing-paris (filtre apprenticeship),Chargé de marketing en Alternance H/F,Atos,Bezons,Alternance,marketing,fréquent,20000,30000,an,20K à 30K €,IT / Digital,,https://www.welcometothejungle.com/fr/companies/atos/jobs/charge-de-marketing-en-alternance-h-f_bezons_ATOS_dZ7gWjk
Welcome to the Jungle,welcome_to_the_jungle_stages_alternances_2026-09-29.csv,2026-09-29,emploi-alternance-marketing-paris (filtre apprenticeship),Alternance Community Manager F/M,Cheerz,Paris,Alternance,marketing,fréquent,,,,,"Application mobile, E-commerce",,https://www.welcometothejungle.com/fr/companies/cheerz/jobs/alternance-community-manager-f-m_paris_CHEER_6or1JG9
Welcome to the Jungle,welcome_to_the_jungle_stages_alternances_2026-09-29.csv,2026-09-29,emploi-alternance-marketing-paris (filtre apprenticeship),Growth Marketing Junior en alternance H/F,BAM Karaoke Box,Paris,Alternance,marketing,non autorisé,,,,,"Musique, Loisirs",,https://www.welcometothejungle.com/fr/companies/bam-karaoke-box/jobs/growth-marketing-junior-en-alternance-h-f_paris
Welcome to the Jungle,welcome_to_the_jungle_stages_alternances_2026-09-29.csv,2026-09-29,emploi-alternance-marketing-paris (filtre apprenticeship),Chargé de Communication Externe - Alternance H/F,Crédit Agricole,La Défense,Alternance,marketing,occasionnel,,,,,"Banque, Assurance",,https://www.welcometothejungle.com/fr/companies/groupe-credit-agricole/jobs/charge-de-communication-externe-alternance-h-f_la-defense
Welcome to the Jungle,welcome_to_the_jungle_stages_alternances_2026-09-29.csv,2026-09-29,emploi-alternance-marketing-paris (filtre apprenticeship),Chef(fe) de projet Marketing digital & Communication - Alternance,Better World,Paris,Alternance,marketing,occasionnel,,,,,"Intelligence artificielle / Machine Learning, SaaS / Cloud Services",,https://www.welcometothejungle.com/fr/companies/better-world-1/jobs/chef-fe-de-projet-communication-marketing-stage_paris
Welcome to the Jungle,welcome_to_the_jungle_stages_alternances_2026-09-29.csv,2026-09-29,emploi-alternance-marketing-paris (filtre apprenticeship),Alternance Septembre 2026 - Assistant Chargé de communication (H/F),Publicis Connected Media,Paris,Alternance,marketing,non autorisé,,,,,"Design, Marketing / Communication",,https://www.welcometothejungle.com/fr/companies/publicis-media/jobs/alternance-septembre-2026-assistant-charge-de-communication-h-f_paris_PCM_XVlWaDa
Welcome to the Jungle,welcome_to_the_jungle_stages_alternances_2026-09-29.csv,2026-09-29,emploi-alternance-marketing-paris (filtre apprenticeship),Consultant SEO/GEO - Alternance - Paris,datashake,Paris,Alternance,marketing,fréquent,,,,,"Digital Marketing / Data Marketing, Marketing / Communication",,https://www.welcometothejungle.com/fr/companies/datashake/jobs/consultant-seo-alternance-paris_paris_DATAS_DmM6Rz8
Welcome to the Jungle,welcome_to_the_jungle_stages_alternances_2026-09-29.csv,2026-09-29,emploi-alternance-marketing-paris (filtre apprenticeship),Chargé de communication,TDF,Montrouge,Alternance,marketing,non autorisé,,,,,Electronique / Télécommunications,,https://www.welcometothejungle.com/fr/companies/tdf/jobs/charge-de-communication_montrouge
Welcome to the Jungle,welcome_to_the_jungle_stages_alternances_2026-09-29.csv,2026-09-29,emploi-alternance-marketing-paris (filtre apprenticeship),Alternance - Content & Marketing Coordinator Italie,Furious Squad,"Milano, Paris",Alternance,marketing,total,,,,,"Logiciels, Organisation / Management",,https://www.welcometothejungle.com/fr/companies/furious-squad/jobs/alternance-content-marketing-coordinator-italie
Welcome to the Jungle,welcome_to_the_jungle_stages_alternances_2026-09-29.csv,2026-09-29,emploi-alternance-marketing-paris (filtre apprenticeship),Apprenti chargé de communication H/F,Sipperec,Paris,Alternance,marketing,,,,,,"Administration publique, Collectivités publiques et territoriales",,https://www.welcometothejungle.com/fr/companies/sipperec/jobs/apprenti-charge-de-communication-h-f_paris_SIPPE_jR6xoZg
Adzuna,adzuna_2026-09-29.csv,2026-09-29,recherche marketing / France,Chargé de Marketing & Communication H/F (Intérim),Michael Page,"Paris 01 Louvre, 75001",Intérim,marketing,oui,42000,48000,an,48000 - 42000,,cabinet de recrutement ; Adzuna affiche CDD mais l'annonce parle d'une mission d'intérim ; salaire repris de l'annonce en double 5884344155 (texte identique),https://www.adzuna.fr/details/5885235256
Adzuna,adzuna_2026-09-29.csv,2026-09-29,recherche marketing / France,Directeur marketing h/f (CDI),Horus Conseils,"Bordeaux, 33000",CDI,marketing,,,,,,,cabinet de recrutement,https://www.adzuna.fr/details/5893254038
Adzuna,adzuna_2026-09-29.csv,2026-09-29,recherche marketing / Clermont-Ferrand,COMMERCIAL ULTIMATE CUP (COMPÉTITION AUTOMOBILE) (H/F),France Travail,"Gerzat, Auvergne-Rhône-Alpes, 63360",CDI ou CDD selon profil,vente,,,,,,,reprise d'une offre France Travail ; poste commercial,https://www.adzuna.fr/details/5885640290
Adzuna,adzuna_2026-09-29.csv,2026-09-29,recherche marketing / Clermont-Ferrand,Assistant(e) Marketing / Communication en alternance,Alfae,"Clermont-Ferrand, Auvergne-Rhône-Alpes",Alternance,marketing,,,,,,,école (Alfae) qui recrute des alternants pour une entreprise partenaire,https://www.adzuna.fr/details/5859042801
