rome,id,date_actualisation
D1415,207WKSJ,2026-09-25
D1415,210SQGM,2026-07-17
D1415,211KYCT,2026-09-17
D1415,211LFPM,2026-09-15
D1415,211SVKG,2026-09-18
D1415,212BYQF,2026-09-25
D1415,212JZMJ,2026-09-18
D1415,212KCTL,2026-09-25
D1415,212QSJV,2026-09-07
D1415,212QTWP,2026-09-22
D1415,212TSZH,2026-09-18
D1415,212VRPD,2026-09-21
D1415,212VWCK,2026-09-14
D1415,212YNHS,2026-09-11
D1415,212YZGP,2026-09-23
D1415,212ZCDL,2026-08-27
D1415,213BPQS,2026-09-01
D1415,213CRYT,2026-09-16
D1415,213DGFY,2026-08-31
D1415,213DGQM,2026-09-16
D1415,213DRFY,2026-09-24
D1415,213GZGM,2026-09-21
D1415,213HHTB,2026-09-03
D1415,213HNVH,2026-09-22
D1415,213JQVN,2026-09-04
D1415,213JSNT,2026-09-03
D1415,213JXJX,2026-09-25
D1415,213JYSM,2026-09-19
D1415,213KHWB,2026-09-04
D1415,213LKZX,2026-09-22
D1415,213MKTS,2026-09-23
D1415,213MNPD,2026-09-25
D1415,213MSXJ,2026-09-23
D1415,213MYXD,2026-09-24
D1415,213NCXG,2026-09-08
D1415,213NWZS,2026-09-09
D1415,213PDDS,2026-09-09
D1415,213QCQS,2026-09-10
D1415,213QPTY,2026-09-10
D1415,213QSXP,2026-09-23
D1415,213QYDP,2026-09-10
D1415,213RCRT,2026-09-24
D1415,213RGCK,2026-09-10
D1415,213RZJC,2026-09-17
D1415,213SDXN,2026-09-11
D1415,213SGDP,2026-09-24
D1415,213SVZM,2026-09-14
D1415,213TBLS,2026-09-11
D1415,213TBNH,2026-09-16
D1415,213TBPH,2026-09-11
D1415,213TCMF,2026-09-11
D1415,213THDM,2026-09-14
D1415,213THHN,2026-09-14
D1415,213TKKC,2026-09-25
D1415,213TKSK,2026-09-14
D1415,213TMGY,2026-09-15
D1415,213TMSC,2026-09-25
D1415,213TNYL,2026-09-11
D1415,213VHPD,2026-09-14
D1415,213VMQS,2026-09-14
D1415,213VPQN,2026-09-22
D1415,213WFWM,2026-09-14
D1415,213WJGT,2026-09-15
D1415,213WMRN,2026-09-15
D1415,213WNNV,2026-09-15
D1415,213WNWF,2026-09-16
D1415,213WPJD,2026-09-15
D1415,213WRWM,2026-09-15
D1415,213XBNB,2026-09-25
D1415,213XFWD,2026-09-24
D1415,213XMVV,2026-09-16
D1415,213YCBK,2026-09-16
D1415,213YCQT,2026-09-16
D1415,213YDVZ,2026-09-24
D1415,213YHNF,2026-09-25
D1415,213YLKG,2026-09-17
D1415,213YLLG,2026-09-17
D1415,213YLMK,2026-09-17
D1415,213YLMX,2026-09-17
D1415,213YLNQ,2026-09-17
D1415,213YLNT,2026-09-17
D1415,213YLPG,2026-09-17
D1415,213YLPZ,2026-09-17
D1415,213YNMC,2026-09-16
D1415,213YSTP,2026-09-16
D1415,213YSWD,2026-09-16
D1415,213ZJCZ,2026-09-17
D1415,213ZLFC,2026-09-18
D1415,213ZNHX,2026-09-17
D1415,213ZQBL,2026-09-17
D1415,213ZRXZ,2026-09-17
D1415,213ZTDR,2026-09-18
D1415,213ZVCH,2026-09-22
D1415,213ZYYJ,2026-09-18
D1415,213ZZZS,2026-09-17
D1415,214BFKB,2026-09-17
D1415,214BHKC,2026-09-17
D1415,214BPMD,2026-09-18
D1415,214CCBG,2026-09-18
D1415,214CFDV,2026-09-18
D1415,214CFNL,2026-09-23
D1415,214CHBD,2026-09-18
D1415,214CKDY,2026-09-25
D1415,214CLMK,2026-09-20
D1415,214CLTJ,2026-09-21
D1415,214CLVG,2026-09-21
D1415,214CXZG,2026-09-22
D1415,214DBRQ,2026-09-21
D1415,214DHQK,2026-09-21
D1415,214DKVM,2026-09-21
D1415,214DXHC,2026-09-22
D1415,214FTSZ,2026-09-23
D1415,214GCTV,2026-09-22
D1415,214GWQR,2026-09-23
D1415,214GXYF,2026-09-23
D1415,214GXYW,2026-09-23
D1415,214GYGL,2026-09-23
D1415,214HJJB,2026-09-24
D1415,214HKRR,2026-09-23
D1415,214HKYL,2026-09-23
D1415,214HQRP,2026-09-24
D1415,214HRGL,2026-09-23
D1415,214HXGX,2026-09-24
D1415,214JCNK,2026-09-25
D1415,214JFWJ,2026-09-24
D1415,214JGHK,2026-09-24
D1415,214JNCQ,2026-09-24
D1415,214JNHN,2026-09-25
D1415,214JQKT,2026-09-25
D1415,214JQMZ,2026-09-25
D1415,214JRHF,2026-09-24
D1415,214JTZX,2026-09-24
D1415,214JXTL,2026-09-24
D1415,214KGNS,2026-09-25
D1415,214KGPN,2026-09-25
D1415,214KGQF,2026-09-25
D1415,214KGSZ,2026-09-25
D1415,3442615,2026-09-21
D1415,3442985,2026-09-21
D1415,3521240,2026-06-30
D1415,3953502,2026-09-25
D1415,3953523,2026-09-17
D1415,3953545,2026-09-23
D1415,4525753,2026-07-03
D1415,4528373,2026-09-25
D1415,4590618,2026-07-06
D1415,4590786,2026-07-06
D1415,4592264,2026-07-06
D1415,4656846,2026-08-05
D1415,4710970,2026-09-18
D1415,4786806,2026-07-14
D1415,5016027,2026-09-15
D1415,5040027,2026-07-22
D1415,5184876,2026-09-19
D1415,5355183,2026-09-21
D1415,5357880,2026-07-23
D1415,5486667,2026-09-21
D1415,5565787,2026-07-30
D1415,5567845,2026-09-20
D1415,5629728,2026-07-31
D1415,5637028,2026-09-23
D1415,5677580,2026-08-02
D1415,5725332,2026-09-24
D1415,5733517,2026-09-19
D1415,5787385,2026-08-16
D1415,5882363,2026-08-11
D1415,5903861,2026-08-11
D1415,5935505,2026-09-02
D1415,5944599,2026-09-19
D1415,5944637,2026-09-19
D1415,5944733,2026-09-19
D1415,5947269,2026-09-21
D1415,6054693,2026-09-22
D1415,6153115,2026-09-19
D1415,6171050,2026-09-08
D1415,6209069,2026-08-22
D1415,6226960,2026-09-22
D1415,6245249,2026-08-25
D1415,6268784,2026-08-25
D1415,6270416,2026-08-25
D1415,6281469,2026-09-24
D1415,6307341,2026-08-26
D1415,6355417,2026-09-20
D1415,6357317,2026-09-20
D1415,6357387,2026-09-20
D1415,6361514,2026-08-28
D1415,6395418,2026-09-09
D1415,6396078,2026-09-20
D1415,6398588,2026-09-21
D1415,6398666,2026-09-21
D1415,6444935,2026-08-31
D1415,6496015,2026-09-01
D1415,6500212,2026-09-01
D1415,6504465,2026-09-25
D1415,6521597,2026-09-02
D1415,6525341,2026-09-02
D1415,6531674,2026-09-14
D1415,6531820,2026-09-02
D1415,6536664,2026-09-25
D1415,6591182,2026-09-04
D1415,6591269,2026-09-04
D1415,6591320,2026-09-04
D1415,6591322,2026-09-04
D1415,6591558,2026-09-19
D1415,6591602,2026-09-21
D1415,6592254,2026-09-24
D1415,6627699,2026-09-08
D1415,6634923,2026-09-04
D1415,6688737,2026-09-07
D1415,6710556,2026-09-08
D1415,6710557,2026-09-23
D1415,6710570,2026-09-23
D1415,6710573,2026-09-25
D1415,6710576,2026-09-23
D1415,6710582,2026-09-23
D1415,6710585,2026-09-23
D1415,6710637,2026-09-21
D1415,6710646,2026-09-21
D1415,6710651,2026-09-08
D1415,6710658,2026-09-21
D1415,6710662,2026-09-08
D1415,6710665,2026-09-08
D1415,6710666,2026-09-08
D1415,6710667,2026-09-08
D1415,6710670,2026-09-24
D1415,6710677,2026-09-21
D1415,6710683,2026-09-21
D1415,6710684,2026-09-21
D1415,6710688,2026-09-21
D1415,6710692,2026-09-21
D1415,6710693,2026-09-08
D1415,6710704,2026-09-08
D1415,6710743,2026-09-08
D1415,6710745,2026-09-08
D1415,6710770,2026-09-08
D1415,6710772,2026-09-08
D1415,6710775,2026-09-08
D1415,6710780,2026-09-08
D1415,6710781,2026-09-08
D1415,6710800,2026-09-08
D1415,6710801,2026-09-08
D1415,6710841,2026-09-21
D1415,6728369,2026-09-08
D1415,6730160,2026-09-15
D1415,6735026,2026-09-24
D1415,6744712,2026-09-09
D1415,6745966,2026-09-09
D1415,6749335,2026-09-09
D1415,6766488,2026-09-09
D1415,6767790,2026-09-09
D1415,6767839,2026-09-09
D1415,6768145,2026-09-09
D1415,6769047,2026-09-09
D1415,6770166,2026-09-09
D1415,6782139,2026-09-10
D1415,6783233,2026-09-10
D1415,6809315,2026-09-11
D1415,6828482,2026-09-11
D1415,6829807,2026-09-11
D1415,6847887,2026-09-12
D1415,6881537,2026-09-15
D1415,6881538,2026-09-15
D1415,6881539,2026-09-15
D1415,6881547,2026-09-15
D1415,6881737,2026-09-15
D1415,6881744,2026-09-15
D1415,6881745,2026-09-15
D1415,6881749,2026-09-15
D1415,6881751,2026-09-15
D1415,6881758,2026-09-15
D1415,6881771,2026-09-15
D1415,6881772,2026-09-15
D1415,6881773,2026-09-15
D1415,6881775,2026-09-15
D1415,6881778,2026-09-15
D1415,6881794,2026-09-15
D1415,6881822,2026-09-15
D1415,6882049,2026-09-15
D1415,6882057,2026-09-15
D1415,6882180,2026-09-15
D1415,6898469,2026-09-22
D1415,6931687,2026-09-16
D1415,6943825,2026-09-17
D1415,6943834,2026-09-17
D1415,6943864,2026-09-17
D1415,6943883,2026-09-17
D1415,6944056,2026-09-17
D1415,6944102,2026-09-17
D1415,6944111,2026-09-17
D1415,6944138,2026-09-17
D1415,6944412,2026-09-17
D1415,6944435,2026-09-17
D1415,6944460,2026-09-17
D1415,6944465,2026-09-17
D1415,6944476,2026-09-17
D1415,6944508,2026-09-17
D1415,6944510,2026-09-17
D1415,6944535,2026-09-17
D1415,6944627,2026-09-17
D1415,6944815,2026-09-17
D1415,6944855,2026-09-17
D1415,6944880,2026-09-17
D1415,6944953,2026-09-17
D1415,6944972,2026-09-17
D1415,6944979,2026-09-17
D1415,6945020,2026-09-18
D1415,6945065,2026-09-17
D1415,6945068,2026-09-17
D1415,6945077,2026-09-17
D1415,6946396,2026-09-25
D1415,6964993,2026-09-17
D1415,6966387,2026-09-17
D1415,6966412,2026-09-17
D1415,7010364,2026-09-19
D1415,7031054,2026-09-19
D1415,7031111,2026-09-19
D1415,7033194,2026-09-19
D1415,7033224,2026-09-19
D1415,7033233,2026-09-19
D1415,7036081,2026-09-20
D1415,7043488,2026-09-20
D1415,7043687,2026-09-20
D1415,7058991,2026-09-25
D1415,7060753,2026-09-21
D1415,7061032,2026-09-21
D1415,7061294,2026-09-21
D1415,7069206,2026-09-22
D1415,7071901,2026-09-22
D1415,7094992,2026-09-22
D1415,7095446,2026-09-22
D1415,7095600,2026-09-22
D1415,7095683,2026-09-22
D1415,7096230,2026-09-22
D1415,7096495,2026-09-22
D1415,7096512,2026-09-22
D1415,7097104,2026-09-22
D1415,7103258,2026-09-22
D1415,7117526,2026-09-23
D1415,7126150,2026-09-25
D1415,7126431,2026-09-23
D1415,7136691,2026-09-23
D1415,7152402,2026-09-24
D1415,7164436,2026-09-24
D1415,7165182,2026-09-24
D1415,7165913,2026-09-24
D1415,7345445,2026-09-24
D1415,7345519,2026-09-24
D1415,7347216,2026-09-25
D1415,7347252,2026-09-25
D1415,7347401,2026-09-25
D1415,7348130,2026-09-25
D1415,7348649,2026-09-25
D1415,7353205,2026-09-25
D1415,7353363,2026-09-25
D1415,7353527,2026-09-25
D1415,7354244,2026-09-25
D1415,7354815,2026-09-25
D1415,7354835,2026-09-25
D1415,7355325,2026-09-25
D1415,7357168,2026-09-25
D1415,7357243,2026-09-25
D1415,7357296,2026-09-25
D1415,7357456,2026-09-25
D1415,7381934,2026-09-25
D1438,212WVJN,2026-09-21
D1438,213LCYM,2026-09-17
D1438,213NNWY,2026-09-08
D1438,213NSSJ,2026-09-22
D1438,213PBBV,2026-09-09
D1438,213TWKX,2026-09-14
D1438,213XFPG,2026-09-18
D1438,213YKDV,2026-09-17
D1438,214FHPC,2026-09-22
D1438,214FMJG,2026-09-22
D1438,214FMVB,2026-09-22
D1438,214GGPP,2026-09-22
D1438,214GSZB,2026-09-23
D1438,214GVXQ,2026-09-23
D1438,214JZGG,2026-09-25
D1438,4296258,2026-06-27
D1438,6190219,2026-09-21
D1438,6520882,2026-09-02
D1438,6539962,2026-09-03
D1438,6707357,2026-09-10
D1438,6729304,2026-09-08
D1438,6799751,2026-09-10
D1438,6825891,2026-09-12
D1438,6831579,2026-09-12
D1438,6845595,2026-09-12
D1438,7059581,2026-09-25
D1438,7072769,2026-09-22
D1438,7116170,2026-09-25
D1438,7155444,2026-09-24
D1438,7355898,2026-09-25
D1506,211LGQD,2026-09-24
D1506,212RBSR,2026-09-18
D1506,212WJHY,2026-09-21
D1506,212XDGL,2026-09-24
D1506,212XFJV,2026-09-25
D1506,213FPQK,2026-09-21
D1506,213GNWT,2026-09-18
D1506,213HZDR,2026-09-18
D1506,213JFBZ,2026-09-19
D1506,213JFJQ,2026-09-04
D1506,213JSNZ,2026-09-19
D1506,213JSRG,2026-09-19
D1506,213JVQK,2026-09-04
D1506,213JVVS,2026-09-19
D1506,213JWCZ,2026-09-04
D1506,213KDPY,2026-09-15
D1506,213KLCB,2026-09-04
D1506,213KWFJ,2026-09-18
D1506,213LDDV,2026-09-08
D1506,213LHCW,2026-09-20
D1506,213LPXR,2026-09-06
D1506,213LPXV,2026-09-06
D1506,213LZVJ,2026-09-07
D1506,213NFJS,2026-09-23
D1506,213PFFN,2026-09-24
D1506,213PKXF,2026-09-25
D1506,213PSGT,2026-09-09
D1506,213QSSF,2026-09-10
D1506,213RFPN,2026-09-22
D1506,213RFRG,2026-09-22
D1506,213RFVQ,2026-09-22
D1506,213RFYJ,2026-09-22
D1506,213RMMD,2026-09-10
D1506,213RNTW,2026-09-16
D1506,213RZWZ,2026-09-10
D1506,213SCGG,2026-09-23
D1506,213SMCM,2026-09-11
D1506,213SXMR,2026-09-11
D1506,213SXRS,2026-09-11
D1506,213SXTG,2026-09-23
D1506,213SXXB,2026-09-11
D1506,213SXYZ,2026-09-11
D1506,213SZCQ,2026-09-23
D1506,213SZFM,2026-09-11
D1506,213SZGV,2026-09-11
D1506,213SZHM,2026-09-11
D1506,213TDMF,2026-09-21
D1506,213TVLM,2026-09-12
D1506,213TWTH,2026-09-14
D1506,213VSBF,2026-09-18
D1506,213WBSB,2026-09-15
D1506,213WNXH,2026-09-15
D1506,213WNZD,2026-09-16
D1506,213WPJN,2026-09-15
D1506,213WPKV,2026-09-15
D1506,213WPMB,2026-09-15
D1506,213WPNB,2026-09-15
D1506,213XHTT,2026-09-22
D1506,213YRNM,2026-09-16
D1506,213ZPNM,2026-09-17
D1506,214BCVK,2026-09-21
D1506,214BPLY,2026-09-18
D1506,214CFFD,2026-09-18
D1506,214CFMT,2026-09-18
D1506,214CFRG,2026-09-18
D1506,214CFVP,2026-09-18
D1506,214CFZM,2026-09-18
D1506,214CGCX,2026-09-18
D1506,214CMKZ,2026-09-21
D1506,214CMNS,2026-09-21
D1506,214CMPZ,2026-09-21
D1506,214CMSV,2026-09-21
D1506,214FCRN,2026-09-22
D1506,214FLDL,2026-09-22
D1506,214FLFN,2026-09-22
D1506,214FLJS,2026-09-22
D1506,214FLLH,2026-09-22
D1506,214FLMM,2026-09-22
D1506,214FQZD,2026-09-22
D1506,214GZBM,2026-09-23
D1506,214HKSK,2026-09-23
D1506,214HLJL,2026-09-23
D1506,214JCPL,2026-09-24
D1506,214JHSS,2026-09-24
D1506,214JSPT,2026-09-24
D1506,214JVFF,2026-09-25
D1506,3874721,2026-07-21
D1506,3878936,2026-07-21
D1506,3879583,2026-07-22
D1506,4066549,2026-07-21
D1506,4296489,2026-06-27
D1506,4499328,2026-09-02
D1506,4647906,2026-09-23
D1506,4893542,2026-07-22
D1506,5202082,2026-07-21
D1506,5221483,2026-07-22
D1506,5570508,2026-09-25
D1506,5744229,2026-08-31
D1506,5744344,2026-09-11
D1506,5933710,2026-08-12
D1506,5993389,2026-08-14
D1506,6207919,2026-08-28
D1506,6344676,2026-08-27
D1506,6391217,2026-08-28
D1506,6474198,2026-09-24
D1506,6506964,2026-09-02
D1506,6539032,2026-09-04
D1506,6574732,2026-09-11
D1506,6625303,2026-09-04
D1506,6635525,2026-09-04
D1506,6635611,2026-09-04
D1506,6635825,2026-09-04
D1506,6666536,2026-09-05
D1506,6686700,2026-09-10
D1506,6692435,2026-09-08
D1506,6692497,2026-09-08
D1506,6735781,2026-09-08
D1506,6739847,2026-09-09
D1506,6743688,2026-09-21
D1506,6797276,2026-09-10
D1506,6798527,2026-09-10
D1506,6826644,2026-09-11
D1506,6832297,2026-09-12
D1506,6832369,2026-09-12
D1506,6847890,2026-09-12
D1506,6856308,2026-09-13
D1506,6863221,2026-09-14
D1506,7005536,2026-09-18
D1506,7015455,2026-09-19
D1506,7033791,2026-09-19
D1506,7158140,2026-09-24
D1506,7382202,2026-09-25
E1101,210RSNH,2026-07-17
E1101,210SPCH,2026-09-21
E1101,210VKXT,2026-09-25
E1101,211GVSH,2026-09-07
E1101,211JVJB,2026-09-07
E1101,211JZCP,2026-09-21
E1101,211RNTH,2026-09-16
E1101,212WWHW,2026-09-23
E1101,212WZNQ,2026-09-21
E1101,212YLFL,2026-09-21
E1101,212ZGGR,2026-09-23
E1101,213DCPM,2026-09-20
E1101,213DQSM,2026-09-16
E1101,213KJCX,2026-09-04
E1101,213LCJJ,2026-09-08
E1101,213LKCZ,2026-09-15
E1101,213LKDG,2026-09-17
E1101,213LQMG,2026-09-07
E1101,213MRVW,2026-09-23
E1101,213NTVW,2026-09-23
E1101,213PTMC,2026-09-18
E1101,213PTQP,2026-09-18
E1101,213QPZF,2026-09-10
E1101,213RRVB,2026-09-18
E1101,213RYNM,2026-09-17
E1101,213RYXH,2026-09-22
E1101,213SSZC,2026-09-11
E1101,213TCLP,2026-09-11
E1101,213VSCS,2026-09-14
E1101,213WLJV,2026-09-15
E1101,213WYJD,2026-09-15
E1101,213YNXN,2026-09-16
E1101,214CKVG,2026-09-18
E1101,214DRZT,2026-09-21
E1101,214FGWW,2026-09-22
E1101,214GKZW,2026-09-23
E1101,214HHTK,2026-09-24
E1101,214HSRL,2026-09-24
E1101,214JHBS,2026-09-24
E1101,214JLHD,2026-09-24
E1101,214JWRD,2026-09-25
E1101,3539810,2026-09-21
E1101,3971398,2026-09-02
E1101,4074939,2026-07-22
E1101,4779659,2026-09-06
E1101,5503316,2026-08-31
E1101,5570863,2026-08-31
E1101,5620768,2026-07-31
E1101,5634257,2026-09-22
E1101,5659836,2026-08-01
E1101,5691466,2026-09-02
E1101,5718083,2026-08-31
E1101,5788029,2026-09-18
E1101,5835571,2026-08-31
E1101,5835574,2026-08-31
E1101,5886748,2026-08-31
E1101,5901934,2026-08-11
E1101,5908748,2026-09-24
E1101,5939510,2026-08-24
E1101,5959813,2026-08-22
E1101,5993930,2026-09-02
E1101,6141795,2026-08-20
E1101,6304494,2026-08-26
E1101,6304704,2026-08-26
E1101,6304731,2026-08-26
E1101,6304736,2026-08-26
E1101,6306139,2026-08-26
E1101,6327408,2026-08-27
E1101,6341775,2026-08-27
E1101,6341935,2026-08-27
E1101,6365246,2026-08-28
E1101,6382011,2026-08-28
E1101,6383450,2026-09-19
E1101,6418711,2026-08-29
E1101,6444923,2026-09-09
E1101,6444928,2026-08-31
E1101,6444993,2026-08-31
E1101,6445004,2026-08-31
E1101,6445006,2026-08-31
E1101,6445012,2026-08-31
E1101,6445043,2026-08-31
E1101,6445051,2026-08-31
E1101,6460543,2026-08-31
E1101,6495551,2026-09-01
E1101,6508220,2026-09-02
E1101,6517557,2026-09-02
E1101,6533030,2026-09-02
E1101,6535001,2026-09-10
E1101,6539958,2026-09-03
E1101,6576277,2026-09-03
E1101,6579343,2026-09-03
E1101,6596556,2026-09-04
E1101,6598553,2026-09-04
E1101,6623766,2026-09-04
E1101,6634911,2026-09-04
E1101,6667448,2026-09-05
E1101,6682582,2026-09-06
E1101,6707347,2026-09-09
E1101,6707351,2026-09-10
E1101,6707361,2026-09-08
E1101,6740140,2026-09-09
E1101,6749253,2026-09-09
E1101,6782061,2026-09-10
E1101,6782074,2026-09-10
E1101,6797661,2026-09-10
E1101,6806004,2026-09-10
E1101,6827320,2026-09-11
E1101,6847904,2026-09-12
E1101,6895797,2026-09-15
E1101,6897462,2026-09-15
E1101,6897558,2026-09-15
E1101,6927940,2026-09-16
E1101,6944573,2026-09-17
E1101,6963933,2026-09-17
E1101,6986669,2026-09-18
E1101,6986710,2026-09-18
E1101,6988138,2026-09-18
E1101,7001940,2026-09-18
E1101,7001953,2026-09-18
E1101,7032581,2026-09-19
E1101,7032609,2026-09-19
E1101,7032628,2026-09-19
E1101,7032637,2026-09-19
E1101,7032639,2026-09-19
E1101,7053013,2026-09-22
E1101,7053518,2026-09-21
E1101,7053788,2026-09-21
E1101,7063618,2026-09-21
E1101,7071595,2026-09-23
E1101,7102306,2026-09-22
E1101,7102318,2026-09-22
E1101,7117848,2026-09-23
E1101,7126393,2026-09-23
E1101,7126406,2026-09-23
E1101,7126415,2026-09-23
E1101,7132280,2026-09-23
E1101,7134967,2026-09-23
E1101,7135114,2026-09-23
E1101,7135278,2026-09-23
E1101,7151779,2026-09-23
E1101,7163412,2026-09-24
E1101,7165073,2026-09-24
E1101,7344671,2026-09-24
E1101,7346170,2026-09-24
E1101,7346216,2026-09-24
E1101,7346535,2026-09-24
E1101,7380029,2026-09-25
E1103,1209273,2026-07-02
E1103,207PCPJ,2026-09-25
E1103,211XXVT,2026-09-14
E1103,212QBVZ,2026-09-09
E1103,212ZVZB,2026-09-18
E1103,213BZWD,2026-08-28
E1103,213CKSQ,2026-09-14
E1103,213CYXV,2026-08-31
E1103,213FLNW,2026-09-08
E1103,213JLRL,2026-09-23
E1103,213KJBZ,2026-09-15
E1103,213LNWM,2026-09-05
E1103,213LVVV,2026-09-07
E1103,213MVZM,2026-09-18
E1103,213MXBQ,2026-09-23
E1103,213MXLR,2026-09-24
E1103,213NSVS,2026-09-18
E1103,213NVGB,2026-09-24
E1103,213QJXC,2026-09-13
E1103,213QVBD,2026-09-16
E1103,213TLCG,2026-09-16
E1103,213VYCF,2026-09-16
E1103,213YKNP,2026-09-17
E1103,213YPVF,2026-09-17
E1103,213ZPFD,2026-09-18
E1103,213ZTCY,2026-09-24
E1103,214BCDG,2026-09-18
E1103,214BFLX,2026-09-18
E1103,214BPXH,2026-09-22
E1103,214BZBJ,2026-09-24
E1103,214CTWK,2026-09-21
E1103,214CYQK,2026-09-21
E1103,214DFZJ,2026-09-21
E1103,214DHVQ,2026-09-21
E1103,214FFDQ,2026-09-24
E1103,214GLWT,2026-09-23
E1103,214HGGN,2026-09-25
E1103,214HKJV,2026-09-23
E1103,214HLPG,2026-09-23
E1103,214HPKT,2026-09-23
E1103,214HXFR,2026-09-24
E1103,214KNPV,2026-09-25
E1103,2892066,2026-07-22
E1103,3834932,2026-09-09
E1103,4376505,2026-06-29
E1103,4655864,2026-09-01
E1103,4764884,2026-09-10
E1103,4835135,2026-09-23
E1103,4952793,2026-07-14
E1103,5043169,2026-09-02
E1103,5602698,2026-09-23
E1103,5602735,2026-09-23
E1103,5689445,2026-08-03
E1103,5700933,2026-09-11
E1103,5718085,2026-08-31
E1103,5791515,2026-08-14
E1103,5933748,2026-08-12
E1103,5933772,2026-08-12
E1103,5933807,2026-08-12
E1103,5993951,2026-08-28
E1103,6001000,2026-08-14
E1103,6050286,2026-08-17
E1103,6078054,2026-08-18
E1103,6078057,2026-08-18
E1103,6079342,2026-08-18
E1103,6084790,2026-08-24
E1103,6088921,2026-09-17
E1103,6110622,2026-08-19
E1103,6141685,2026-08-20
E1103,6207959,2026-08-22
E1103,6244976,2026-09-25
E1103,6266543,2026-08-25
E1103,6304654,2026-08-26
E1103,6352225,2026-09-08
E1103,6382010,2026-08-28
E1103,6382012,2026-08-28
E1103,6418740,2026-08-29
E1103,6433785,2026-09-21
E1103,6441332,2026-09-08
E1103,6444931,2026-08-31
E1103,6444946,2026-08-31
E1103,6444955,2026-08-31
E1103,6506897,2026-09-02
E1103,6507167,2026-09-02
E1103,6517416,2026-09-02
E1103,6521175,2026-09-02
E1103,6531677,2026-09-02
E1103,6531904,2026-09-02
E1103,6579339,2026-09-03
E1103,6642597,2026-09-05
E1103,6645594,2026-09-05
E1103,6683380,2026-09-06
E1103,6692722,2026-09-07
E1103,6705954,2026-09-08
E1103,6729993,2026-09-08
E1103,6748507,2026-09-25
E1103,6751934,2026-09-11
E1103,6766048,2026-09-09
E1103,6766143,2026-09-09
E1103,6769725,2026-09-09
E1103,6774980,2026-09-10
E1103,6775212,2026-09-09
E1103,6778082,2026-09-18
E1103,6782064,2026-09-10
E1103,6797606,2026-09-10
E1103,6799860,2026-09-10
E1103,6801749,2026-09-10
E1103,6802338,2026-09-10
E1103,6822769,2026-09-22
E1103,6827315,2026-09-11
E1103,6827316,2026-09-11
E1103,6827347,2026-09-11
E1103,6846720,2026-09-12
E1103,6847882,2026-09-12
E1103,6847910,2026-09-12
E1103,6847932,2026-09-12
E1103,6850784,2026-09-12
E1103,6851079,2026-09-12
E1103,6858619,2026-09-13
E1103,6858919,2026-09-13
E1103,6863219,2026-09-14
E1103,6895807,2026-09-15
E1103,6895819,2026-09-15
E1103,6895837,2026-09-15
E1103,6897466,2026-09-15
E1103,6897516,2026-09-15
E1103,6897598,2026-09-15
E1103,6897955,2026-09-15
E1103,6900257,2026-09-15
E1103,6930115,2026-09-16
E1103,6934325,2026-09-16
E1103,6985876,2026-09-18
E1103,6986711,2026-09-18
E1103,6988050,2026-09-18
E1103,6993184,2026-09-18
E1103,6997806,2026-09-18
E1103,6997819,2026-09-18
E1103,7005039,2026-09-18
E1103,7008605,2026-09-18
E1103,7030865,2026-09-19
E1103,7032657,2026-09-19
E1103,7032663,2026-09-19
E1103,7038823,2026-09-20
E1103,7052836,2026-09-22
E1103,7052867,2026-09-22
E1103,7052877,2026-09-22
E1103,7052888,2026-09-22
E1103,7053499,2026-09-21
E1103,7053813,2026-09-21
E1103,7057067,2026-09-21
E1103,7059849,2026-09-25
E1103,7059921,2026-09-25
E1103,7063625,2026-09-21
E1103,7066550,2026-09-21
E1103,7066656,2026-09-21
E1103,7067812,2026-09-21
E1103,7093037,2026-09-22
E1103,7093775,2026-09-22
E1103,7093796,2026-09-22
E1103,7093797,2026-09-22
E1103,7094053,2026-09-22
E1103,7096498,2026-09-22
E1103,7098425,2026-09-22
E1103,7098431,2026-09-22
E1103,7104777,2026-09-23
E1103,7106647,2026-09-23
E1103,7112310,2026-09-23
E1103,7112359,2026-09-23
E1103,7113163,2026-09-23
E1103,7113191,2026-09-23
E1103,7115107,2026-09-23
E1103,7115418,2026-09-23
E1103,7116511,2026-09-25
E1103,7116679,2026-09-23
E1103,7132292,2026-09-23
E1103,7132351,2026-09-23
E1103,7132682,2026-09-23
E1103,7133305,2026-09-23
E1103,7135012,2026-09-23
E1103,7135177,2026-09-23
E1103,7136092,2026-09-23
E1103,7153982,2026-09-24
E1103,7155606,2026-09-24
E1103,7155943,2026-09-24
E1103,7164129,2026-09-24
E1103,7164999,2026-09-24
E1103,7167167,2026-09-24
E1103,7169206,2026-09-24
E1103,7348024,2026-09-25
E1103,7357389,2026-09-25
E1107,2048987,2026-07-14
E1107,208KLNS,2026-07-20
E1107,211WZYC,2026-09-17
E1107,211XHZX,2026-09-17
E1107,211XWTF,2026-09-21
E1107,211YGNM,2026-09-21
E1107,211ZKVB,2026-09-25
E1107,211ZTLX,2026-09-09
E1107,212FZFB,2026-09-24
E1107,212MZGG,2026-09-11
E1107,212QSHQ,2026-09-21
E1107,213BJVL,2026-08-28
E1107,213GRFR,2026-09-22
E1107,213GYXC,2026-09-02
E1107,213HZFH,2026-09-21
E1107,213PCMH,2026-09-10
E1107,213PJHM,2026-09-10
E1107,213PJLX,2026-09-10
E1107,213PJPV,2026-09-10
E1107,213PJRF,2026-09-10
E1107,213PJTF,2026-09-10
E1107,213QXFB,2026-09-24
E1107,213SGYY,2026-09-11
E1107,213TNHM,2026-09-14
E1107,213TVQT,2026-09-15
E1107,213TVVP,2026-09-14
E1107,213WMQT,2026-09-15
E1107,213XBMW,2026-09-22
E1107,213XMHM,2026-09-15
E1107,213ZFQM,2026-09-17
E1107,213ZPSV,2026-09-17
E1107,213ZWHQ,2026-09-18
E1107,214DKNG,2026-09-21
E1107,214FNTW,2026-09-22
E1107,214FWLD,2026-09-24
E1107,214GMTT,2026-09-23
E1107,214GZXY,2026-09-23
E1107,214HRQR,2026-09-25
E1107,214JBSN,2026-09-24
E1107,214JRYR,2026-09-25
E1107,214KQGX,2026-09-25
E1107,3535667,2026-07-07
E1107,4240244,2026-07-22
E1107,4240255,2026-07-22
E1107,4296305,2026-06-27
E1107,4296328,2026-06-27
E1107,4296389,2026-06-27
E1107,4296427,2026-08-31
E1107,4296464,2026-06-27
E1107,4481367,2026-07-02
E1107,4500553,2026-07-22
E1107,4508529,2026-07-22
E1107,4630531,2026-07-07
E1107,4664784,2026-09-15
E1107,4762248,2026-07-17
E1107,4953791,2026-07-22
E1107,4961956,2026-07-14
E1107,5040837,2026-08-28
E1107,5041259,2026-07-22
E1107,5587230,2026-07-30
E1107,5620721,2026-09-02
E1107,5691244,2026-08-04
E1107,5820178,2026-08-07
E1107,5852250,2026-09-02
E1107,6114422,2026-09-18
E1107,6124470,2026-08-20
E1107,6344890,2026-08-27
E1107,6350789,2026-09-24
E1107,6383157,2026-08-28
E1107,6445087,2026-08-31
E1107,6520755,2026-09-02
E1107,6522848,2026-09-02
E1107,6531816,2026-09-02
E1107,6539965,2026-09-03
E1107,6577925,2026-09-03
E1107,6577935,2026-09-03
E1107,6577938,2026-09-03
E1107,6579327,2026-09-18
E1107,6625257,2026-09-04
E1107,6667440,2026-09-05
E1107,6669454,2026-09-05
E1107,6805309,2026-09-10
E1107,6827343,2026-09-11
E1107,6830568,2026-09-11
E1107,6847883,2026-09-12
E1107,6847894,2026-09-12
E1107,6896891,2026-09-15
E1107,6907537,2026-09-15
E1107,6907750,2026-09-15
E1107,6929504,2026-09-16
E1107,6930877,2026-09-16
E1107,6962244,2026-09-25
E1107,6962329,2026-09-25
E1107,6962358,2026-09-25
E1107,6962984,2026-09-25
E1107,6962986,2026-09-25
E1107,6963029,2026-09-25
E1107,6963057,2026-09-25
E1107,6963059,2026-09-25
E1107,6963098,2026-09-25
E1107,6963100,2026-09-25
E1107,6963116,2026-09-25
E1107,6963118,2026-09-25
E1107,6963134,2026-09-25
E1107,6963156,2026-09-25
E1107,6963157,2026-09-25
E1107,6963165,2026-09-25
E1107,6963232,2026-09-25
E1107,6963322,2026-09-25
E1107,6967961,2026-09-24
E1107,6967970,2026-09-17
E1107,6988730,2026-09-18
E1107,6992155,2026-09-18
E1107,6993540,2026-09-18
E1107,7030668,2026-09-25
E1107,7032588,2026-09-19
E1107,7032633,2026-09-19
E1107,7033517,2026-09-19
E1107,7059513,2026-09-25
E1107,7059880,2026-09-25
E1107,7117808,2026-09-23
E1107,7155482,2026-09-24
E1107,7165266,2026-09-24
E1107,7169090,2026-09-24
E1107,7169101,2026-09-24
E1107,7169361,2026-09-24
E1107,7169383,2026-09-24
E1107,7346736,2026-09-25
E1107,7380757,2026-09-25
E1112,208VVRT,2026-09-07
E1112,210FYFK,2026-07-20
E1112,211SBGM,2026-09-21
E1112,211XWPT,2026-09-25
E1112,212CTMK,2026-09-14
E1112,212FSYL,2026-09-04
E1112,212KKDN,2026-09-07
E1112,212RTKF,2026-09-24
E1112,212VGVQ,2026-09-08
E1112,212YMGB,2026-09-25
E1112,212YMZQ,2026-09-18
E1112,213CDHJ,2026-08-28
E1112,213DDRG,2026-09-13
E1112,213DNFM,2026-08-31
E1112,213DSPZ,2026-09-16
E1112,213GBYZ,2026-09-03
E1112,213GWNY,2026-09-11
E1112,213HTKC,2026-09-03
E1112,213JGNT,2026-09-04
E1112,213MFKB,2026-09-23
E1112,213MTLH,2026-09-07
E1112,213NVYG,2026-09-23
E1112,213PHCJ,2026-09-09
E1112,213PZYZ,2026-09-22
E1112,213QMLL,2026-09-22
E1112,213QZPC,2026-09-23
E1112,213RBZC,2026-09-10
E1112,213RRBM,2026-09-22
E1112,213SLNC,2026-09-21
E1112,213SQQL,2026-09-11
E1112,213TDHS,2026-09-11
E1112,213TJLJ,2026-09-14
E1112,213TLCH,2026-09-11
E1112,213TMDR,2026-09-14
E1112,213TVMG,2026-09-16
E1112,213TWVN,2026-09-21
E1112,213VMVL,2026-09-17
E1112,213VQHD,2026-09-14
E1112,213VXQC,2026-09-15
E1112,213WCMR,2026-09-17
E1112,213WVPJ,2026-09-21
E1112,213XBFC,2026-09-15
E1112,213XGBM,2026-09-15
E1112,213XJWB,2026-09-15
E1112,213XMGC,2026-09-15
E1112,213XPQQ,2026-09-16
E1112,213YGVP,2026-09-16
E1112,213YPWM,2026-09-16
E1112,213YYVK,2026-09-18
E1112,213YYXX,2026-09-17
E1112,213ZGCP,2026-09-17
E1112,213ZLVB,2026-09-18
E1112,213ZTSS,2026-09-24
E1112,213ZWTH,2026-09-17
E1112,213ZZZN,2026-09-17
E1112,214BGBJ,2026-09-18
E1112,214BGMR,2026-09-18
E1112,214BKDX,2026-09-24
E1112,214BKDZ,2026-09-22
E1112,214CFVM,2026-09-18
E1112,214CGQS,2026-09-18
E1112,214CMPJ,2026-09-21
E1112,214CNCQ,2026-09-21
E1112,214CPNW,2026-09-21
E1112,214CYTY,2026-09-21
E1112,214CYWC,2026-09-21
E1112,214DDXH,2026-09-21
E1112,214DGVT,2026-09-21
E1112,214DMCN,2026-09-25
E1112,214DMLT,2026-09-22
E1112,214DQZC,2026-09-21
E1112,214DTJM,2026-09-22
E1112,214DXLV,2026-09-22
E1112,214FBGD,2026-09-22
E1112,214FCBT,2026-09-23
E1112,214FPSH,2026-09-23
E1112,214FRHK,2026-09-22
E1112,214FVKN,2026-09-22
E1112,214GCXP,2026-09-23
E1112,214GFFG,2026-09-22
E1112,214GKDJ,2026-09-23
E1112,214GKXH,2026-09-23
E1112,214GNBZ,2026-09-24
E1112,214GSZS,2026-09-24
E1112,214HCSR,2026-09-23
E1112,214HGFG,2026-09-23
E1112,214HHRP,2026-09-24
E1112,214HLYZ,2026-09-23
E1112,214HRZK,2026-09-24
E1112,214HWQK,2026-09-24
E1112,214JDVN,2026-09-24
E1112,214JVBP,2026-09-24
E1112,214JVYL,2026-09-25
E1112,214JXQF,2026-09-24
E1112,214JZXQ,2026-09-25
E1112,214KKJY,2026-09-25
E1112,2191442,2026-09-24
E1112,2868075,2026-08-06
E1112,2944465,2026-07-15
E1112,3573024,2026-07-01
E1112,3844437,2026-09-02
E1112,3878522,2026-07-21
E1112,3878839,2026-08-20
E1112,3983015,2026-09-02
E1112,4011655,2026-07-01
E1112,4076686,2026-07-07
E1112,4164379,2026-07-17
E1112,4296167,2026-06-27
E1112,4296245,2026-06-27
E1112,4296249,2026-06-27
E1112,4296260,2026-06-27
E1112,4296270,2026-06-27
E1112,4296288,2026-06-27
E1112,4296295,2026-06-27
E1112,4296309,2026-06-27
E1112,4296312,2026-06-27
E1112,4296339,2026-06-27
E1112,4296341,2026-06-27
E1112,4296343,2026-06-27
E1112,4296355,2026-08-31
E1112,4296383,2026-06-27
E1112,4296405,2026-06-27
E1112,4296433,2026-06-27
E1112,4296442,2026-06-27
E1112,4296443,2026-06-27
E1112,4296458,2026-06-27
E1112,4296470,2026-07-07
E1112,4296544,2026-06-27
E1112,4296550,2026-06-27
E1112,4296593,2026-06-27
E1112,4329211,2026-07-23
E1112,4331177,2026-08-07
E1112,4428798,2026-09-25
E1112,4428799,2026-09-25
E1112,4481371,2026-07-02
E1112,4481386,2026-07-02
E1112,4596151,2026-07-06
E1112,4630501,2026-07-07
E1112,4630534,2026-07-07
E1112,4729669,2026-09-04
E1112,5058457,2026-07-16
E1112,5069180,2026-07-17
E1112,5069205,2026-07-17
E1112,5100167,2026-07-27
E1112,5119079,2026-07-19
E1112,5220965,2026-07-22
E1112,5227558,2026-08-31
E1112,5227563,2026-08-31
E1112,5366222,2026-09-09
E1112,5442561,2026-08-31
E1112,5442580,2026-08-31
E1112,5442590,2026-08-31
E1112,5442603,2026-07-25
E1112,5570854,2026-08-31
E1112,5570979,2026-09-11
E1112,5718079,2026-08-31
E1112,5718081,2026-08-31
E1112,5718082,2026-08-31
E1112,5744249,2026-08-31
E1112,5779546,2026-08-12
E1112,5798461,2026-08-07
E1112,5835567,2026-08-31
E1112,5857312,2026-08-09
E1112,5857370,2026-08-09
E1112,5857396,2026-08-09
E1112,5857453,2026-08-09
E1112,5857467,2026-08-09
E1112,5857470,2026-08-09
E1112,5857484,2026-08-09
E1112,5857487,2026-08-09
E1112,5857495,2026-08-09
E1112,5857529,2026-08-09
E1112,5857531,2026-08-09
E1112,5857612,2026-08-09
E1112,5934421,2026-08-12
E1112,5943025,2026-09-11
E1112,5993098,2026-09-02
E1112,6002608,2026-08-28
E1112,6078048,2026-08-18
E1112,6078061,2026-08-18
E1112,6078068,2026-08-18
E1112,6078110,2026-08-18
E1112,6114429,2026-08-20
E1112,6141769,2026-08-20
E1112,6170324,2026-09-15
E1112,6315387,2026-08-26
E1112,6315667,2026-08-26
E1112,6341961,2026-08-27
E1112,6352617,2026-08-27
E1112,6352621,2026-08-27
E1112,6357587,2026-08-28
E1112,6382111,2026-08-28
E1112,6395137,2026-08-29
E1112,6417550,2026-08-29
E1112,6441331,2026-09-08
E1112,6444920,2026-08-31
E1112,6444943,2026-08-31
E1112,6444957,2026-08-31
E1112,6444969,2026-08-31
E1112,6444984,2026-08-31
E1112,6445001,2026-08-31
E1112,6445002,2026-08-31
E1112,6445009,2026-08-31
E1112,6445024,2026-08-31
E1112,6445029,2026-08-31
E1112,6445031,2026-08-31
E1112,6445033,2026-08-31
E1112,6445036,2026-08-31
E1112,6445065,2026-09-04
E1112,6445084,2026-08-31
E1112,6460535,2026-08-31
E1112,6460536,2026-08-31
E1112,6478444,2026-09-05
E1112,6498317,2026-09-01
E1112,6499286,2026-09-01
E1112,6499311,2026-09-01
E1112,6517550,2026-09-02
E1112,6517575,2026-09-02
E1112,6531320,2026-09-04
E1112,6531867,2026-09-02
E1112,6533257,2026-09-02
E1112,6533318,2026-09-02
E1112,6579315,2026-09-03
E1112,6588419,2026-09-08
E1112,6588852,2026-09-03
E1112,6598542,2026-09-05
E1112,6598558,2026-09-08
E1112,6623637,2026-09-04
E1112,6623736,2026-09-04
E1112,6623778,2026-09-04
E1112,6623807,2026-09-04
E1112,6623894,2026-09-07
E1112,6667431,2026-09-05
E1112,6692695,2026-09-07
E1112,6697848,2026-09-07
E1112,6706145,2026-09-08
E1112,6707254,2026-09-08
E1112,6707353,2026-09-08
E1112,6707359,2026-09-08
E1112,6727724,2026-09-08
E1112,6735558,2026-09-08
E1112,6735691,2026-09-08
E1112,6744585,2026-09-24
E1112,6748873,2026-09-25
E1112,6749264,2026-09-10
E1112,6766041,2026-09-09
E1112,6766118,2026-09-09
E1112,6767823,2026-09-09
E1112,6782037,2026-09-10
E1112,6782043,2026-09-10
E1112,6797447,2026-09-10
E1112,6797464,2026-09-10
E1112,6805284,2026-09-10
E1112,6805854,2026-09-10
E1112,6830252,2026-09-11
E1112,6830505,2026-09-11
E1112,6831761,2026-09-12
E1112,6846408,2026-09-12
E1112,6846533,2026-09-12
E1112,6846727,2026-09-12
E1112,6846763,2026-09-12
E1112,6863099,2026-09-14
E1112,6866329,2026-09-15
E1112,6927895,2026-09-16
E1112,6942891,2026-09-16
E1112,6963926,2026-09-17
E1112,6969673,2026-09-22
E1112,6969796,2026-09-22
E1112,6986640,2026-09-18
E1112,6997944,2026-09-18
E1112,7006371,2026-09-18
E1112,7012162,2026-09-19
E1112,7015961,2026-09-19
E1112,7032571,2026-09-19
E1112,7053324,2026-09-21
E1112,7053533,2026-09-21
E1112,7053778,2026-09-21
E1112,7057620,2026-09-21
E1112,7059504,2026-09-25
E1112,7059519,2026-09-25
E1112,7059798,2026-09-25
E1112,7059891,2026-09-25
E1112,7059897,2026-09-25
E1112,7062497,2026-09-21
E1112,7066468,2026-09-24
E1112,7071759,2026-09-22
E1112,7093772,2026-09-22
E1112,7093811,2026-09-22
E1112,7098786,2026-09-22
E1112,7102214,2026-09-22
E1112,7103165,2026-09-22
E1112,7103277,2026-09-22
E1112,7112630,2026-09-23
E1112,7112772,2026-09-23
E1112,7113511,2026-09-23
E1112,7113673,2026-09-23
E1112,7113836,2026-09-23
E1112,7115781,2026-09-23
E1112,7116458,2026-09-25
E1112,7116795,2026-09-23
E1112,7132291,2026-09-23
E1112,7152358,2026-09-24
E1112,7155835,2026-09-24
E1112,7156905,2026-09-25
E1112,7162750,2026-09-24
E1112,7163114,2026-09-24
E1112,7168328,2026-09-24
E1112,7168806,2026-09-24
E1112,7168935,2026-09-24
E1112,7169144,2026-09-24
E1112,7169321,2026-09-24
E1112,7169476,2026-09-24
E1112,7352460,2026-09-25
E1113,211HPTK,2026-09-23
E1113,211KWGF,2026-09-04
E1113,211TLRK,2026-09-08
E1113,211TNDM,2026-09-08
E1113,213GQZD,2026-09-16
E1113,213MBDF,2026-09-23
E1113,213MVDY,2026-09-23
E1113,213MVFQ,2026-09-25
E1113,213MVGL,2026-09-25
E1113,213MVGX,2026-09-25
E1113,213MVHP,2026-09-25
E1113,213MVJH,2026-09-23
E1113,213MVKD,2026-09-25
E1113,213MVLB,2026-09-23
E1113,213MVNC,2026-09-23
E1113,213MVNY,2026-09-09
E1113,213MVQH,2026-09-25
E1113,213MVQZ,2026-09-23
E1113,213MVSY,2026-09-18
E1113,213MVTX,2026-09-25
E1113,213MVVP,2026-09-23
E1113,213MVWL,2026-09-25
E1113,213MVXC,2026-09-23
E1113,213MVXR,2026-09-25
E1113,213MVYF,2026-09-23
E1113,213MVYY,2026-09-25
E1113,213MWBW,2026-09-25
E1113,213MWDG,2026-09-23
E1113,213MWDY,2026-09-23
E1113,213MWFV,2026-09-23
E1113,213MWGJ,2026-09-23
E1113,213MWHB,2026-09-23
E1113,213MWHR,2026-09-23
E1113,213MWJH,2026-09-23
E1113,213MWJZ,2026-09-23
E1113,213MWKY,2026-09-25
E1113,213MWLM,2026-09-25
E1113,213MWMR,2026-09-23
E1113,213MWNG,2026-09-23
E1113,213MWNQ,2026-09-25
E1113,213MWPB,2026-09-25
E1113,213MWPP,2026-09-23
E1113,213MWYM,2026-09-23
E1113,213MWZW,2026-09-25
E1113,213MXBL,2026-09-25
E1113,213MXBW,2026-09-25
E1113,213MYJT,2026-09-23
E1113,213NMRT,2026-09-24
E1113,213PVFY,2026-09-19
E1113,213QWNH,2026-09-23
E1113,213QYNT,2026-09-10
E1113,213RHGX,2026-09-18
E1113,213RVWL,2026-09-15
E1113,213SCTJ,2026-09-11
E1113,213TLDB,2026-09-14
E1113,213TLDQ,2026-09-14
E1113,213TWKZ,2026-09-14
E1113,213TZSG,2026-09-21
E1113,213VSHN,2026-09-14
E1113,213VTFS,2026-09-15
E1113,213VVGG,2026-09-18
E1113,213ZXLF,2026-09-17
E1113,214BXFL,2026-09-18
E1113,214DNHM,2026-09-23
E1113,214DQFX,2026-09-21
E1113,214DVGM,2026-09-23
E1113,214FTXW,2026-09-22
E1113,214FVYJ,2026-09-22
E1113,214JDXQ,2026-09-24
E1113,3776728,2026-07-06
E1113,3874704,2026-07-15
E1113,3875022,2026-07-21
E1113,3875783,2026-07-21
E1113,3878531,2026-07-21
E1113,3879330,2026-07-21
E1113,3882274,2026-07-21
E1113,3882474,2026-07-21
E1113,3976491,2026-07-22
E1113,3988120,2026-08-05
E1113,3991846,2026-07-21
E1113,4146311,2026-07-19
E1113,4296393,2026-06-27
E1113,4296412,2026-06-27
E1113,4296430,2026-06-27
E1113,4296548,2026-06-27
E1113,4533898,2026-07-03
E1113,4561916,2026-07-04
E1113,4664121,2026-07-07
E1113,4664138,2026-07-07
E1113,4664227,2026-07-07
E1113,4688086,2026-09-02
E1113,4734739,2026-09-22
E1113,5054009,2026-07-16
E1113,5068040,2026-09-09
E1113,5091145,2026-07-17
E1113,5184942,2026-07-26
E1113,5193251,2026-08-31
E1113,5364273,2026-09-21
E1113,5364565,2026-09-21
E1113,5365397,2026-07-23
E1113,5366051,2026-09-08
E1113,5366233,2026-09-21
E1113,5366237,2026-08-29
E1113,5366436,2026-07-23
E1113,5366484,2026-07-23
E1113,5366495,2026-09-21
E1113,5366634,2026-09-21
E1113,5366947,2026-09-21
E1113,5367249,2026-09-08
E1113,5367426,2026-09-21
E1113,5367547,2026-09-08
E1113,5367983,2026-09-21
E1113,5368147,2026-09-21
E1113,5368151,2026-09-21
E1113,5368206,2026-09-21
E1113,5368539,2026-09-08
E1113,5368807,2026-09-21
E1113,5505107,2026-09-08
E1113,5505155,2026-08-27
E1113,5505279,2026-09-08
E1113,5524782,2026-08-19
E1113,5603817,2026-09-09
E1113,5718071,2026-08-31
E1113,5743474,2026-09-23
E1113,5743528,2026-09-23
E1113,5862449,2026-09-08
E1113,5887592,2026-09-08
E1113,5901903,2026-08-11
E1113,5907461,2026-08-11
E1113,5938467,2026-08-12
E1113,5945433,2026-09-23
E1113,5946067,2026-09-25
E1113,5947605,2026-09-21
E1113,6049467,2026-08-17
E1113,6061617,2026-09-23
E1113,6062575,2026-09-23
E1113,6092765,2026-09-08
E1113,6123582,2026-09-02
E1113,6123614,2026-09-02
E1113,6154925,2026-09-23
E1113,6169388,2026-08-21
E1113,6189213,2026-09-08
E1113,6189257,2026-09-21
E1113,6189342,2026-09-08
E1113,6190304,2026-09-08
E1113,6190313,2026-09-21
E1113,6190381,2026-09-08
E1113,6190446,2026-09-21
E1113,6211787,2026-08-22
E1113,6247106,2026-08-25
E1113,6247138,2026-08-25
E1113,6280936,2026-09-24
E1113,6322580,2026-09-25
E1113,6341883,2026-08-27
E1113,6359134,2026-09-09
E1113,6399786,2026-08-29
E1113,6399991,2026-09-09
E1113,6402859,2026-09-08
E1113,6418556,2026-08-29
E1113,6430192,2026-09-03
E1113,6431235,2026-09-08
E1113,6431246,2026-08-30
E1113,6436284,2026-08-30
E1113,6473417,2026-09-24
E1113,6475102,2026-09-05
E1113,6475523,2026-09-01
E1113,6480641,2026-09-01
E1113,6504849,2026-09-25
E1113,6507028,2026-09-23
E1113,6507179,2026-09-02
E1113,6513294,2026-09-08
E1113,6535050,2026-09-23
E1113,6539129,2026-09-23
E1113,6539253,2026-09-03
E1113,6539397,2026-09-03
E1113,6539993,2026-09-03
E1113,6544095,2026-09-03
E1113,6596625,2026-09-23
E1113,6597030,2026-09-04
E1113,6602648,2026-09-04
E1113,6634355,2026-09-04
E1113,6637672,2026-09-05
E1113,6645742,2026-09-05
E1113,6645764,2026-09-08
E1113,6672905,2026-09-05
E1113,6705994,2026-09-08
E1113,6706050,2026-09-09
E1113,6706061,2026-09-09
E1113,6706240,2026-09-08
E1113,6711091,2026-09-08
E1113,6711324,2026-09-08
E1113,6728254,2026-09-08
E1113,6747947,2026-09-09
E1113,6748224,2026-09-09
E1113,6753177,2026-09-09
E1113,6753232,2026-09-09
E1113,6774662,2026-09-09
E1113,6783330,2026-09-23
E1113,6783515,2026-09-10
E1113,6783531,2026-09-10
E1113,6799750,2026-09-10
E1113,6806368,2026-09-10
E1113,6806915,2026-09-11
E1113,6832022,2026-09-12
E1113,6832823,2026-09-12
E1113,6851509,2026-09-13
E1113,6895134,2026-09-15
E1113,6897532,2026-09-15
E1113,6908777,2026-09-16
E1113,6970768,2026-09-18
E1113,6985918,2026-09-18
E1113,7010423,2026-09-19
E1113,7059553,2026-09-25
E1113,7061080,2026-09-21
E1113,7061403,2026-09-21
E1113,7061488,2026-09-21
E1113,7061503,2026-09-21
E1113,7061985,2026-09-21
E1113,7062009,2026-09-21
E1113,7062162,2026-09-21
E1113,7062602,2026-09-21
E1113,7067391,2026-09-21
E1113,7070366,2026-09-22
E1113,7072751,2026-09-22
E1113,7073135,2026-09-22
E1113,7074656,2026-09-22
E1113,7074693,2026-09-22
E1113,7103748,2026-09-22
E1113,7104256,2026-09-22
E1113,7107633,2026-09-23
E1113,7112194,2026-09-23
E1113,7112407,2026-09-23
E1113,7112437,2026-09-23
E1113,7112606,2026-09-23
E1113,7112652,2026-09-23
E1113,7112701,2026-09-25
E1113,7112722,2026-09-25
E1113,7112810,2026-09-23
E1113,7112850,2026-09-25
E1113,7112878,2026-09-23
E1113,7112968,2026-09-23
E1113,7112986,2026-09-23
E1113,7113019,2026-09-23
E1113,7113059,2026-09-23
E1113,7113357,2026-09-23
E1113,7113499,2026-09-25
E1113,7114318,2026-09-23
E1113,7114366,2026-09-25
E1113,7114441,2026-09-23
E1113,7114598,2026-09-23
E1113,7114609,2026-09-23
E1113,7114613,2026-09-23
E1113,7114700,2026-09-23
E1113,7114818,2026-09-23
E1113,7114885,2026-09-23
E1113,7114916,2026-09-23
E1113,7115184,2026-09-23
E1113,7115261,2026-09-23
E1113,7115340,2026-09-23
E1113,7115414,2026-09-23
E1113,7115854,2026-09-23
E1113,7116525,2026-09-25
E1113,7117386,2026-09-23
E1113,7117613,2026-09-23
E1113,7117630,2026-09-23
E1113,7117640,2026-09-23
E1113,7117788,2026-09-23
E1113,7117837,2026-09-23
E1113,7126020,2026-09-23
E1113,7151813,2026-09-23
E1113,7152008,2026-09-23
E1113,7155440,2026-09-24
E1113,7155472,2026-09-24
E1113,7155490,2026-09-24
E1113,7155577,2026-09-24
E1113,7155716,2026-09-24
E1113,7155717,2026-09-24
E1113,7155732,2026-09-24
E1113,7163882,2026-09-24
E1113,7346218,2026-09-24
E1113,7351700,2026-09-25
E1113,7352341,2026-09-25
E1113,7352345,2026-09-25
E1113,7352399,2026-09-25
E1113,7352414,2026-09-25
E1113,7352440,2026-09-25
E1113,7352472,2026-09-25
E1113,7352762,2026-09-25
E1113,7352786,2026-09-25
E1113,7352824,2026-09-25
E1113,7362986,2026-09-25
E1124,213BZYZ,2026-09-21
E1124,213CFMN,2026-09-13
E1124,213CGBF,2026-09-25
E1124,213DSLZ,2026-09-24
E1124,213HMSX,2026-09-24
E1124,213JNQJ,2026-09-03
E1124,213LCWB,2026-09-04
E1124,213QNBX,2026-09-23
E1124,214BYZJ,2026-09-18
E1124,5660481,2026-08-28
E1124,5787609,2026-08-19
E1124,6078798,2026-08-31
E1124,6207916,2026-08-22
E1124,6444950,2026-08-31
E1124,6445674,2026-09-11
E1124,6538237,2026-09-03
E1124,6625228,2026-09-04
E1124,6706333,2026-09-25
E1124,6782071,2026-09-10
E1124,6807832,2026-09-11
E1124,6824621,2026-09-12
E1124,6824754,2026-09-12
E1124,6824791,2026-09-12
E1124,6825089,2026-09-12
E1124,6825509,2026-09-12
E1124,6845628,2026-09-12
E1124,6846412,2026-09-12
E1124,6846844,2026-09-12
E1124,6849983,2026-09-22
E1124,6866669,2026-09-25
E1124,6907545,2026-09-15
E1124,6928579,2026-09-16
E1124,6961894,2026-09-17
E1124,6993812,2026-09-18
E1124,7052391,2026-09-21
E1124,7072766,2026-09-22
E1124,7092827,2026-09-22
E1124,7096546,2026-09-22
E1124,7112165,2026-09-25
E1124,7125950,2026-09-23
E1124,7126221,2026-09-23
E1124,7137861,2026-09-23
E1124,7164940,2026-09-24
E1124,7352311,2026-09-25
E1404,213GJND,2026-09-18
E1404,213MCPW,2026-09-23
E1404,213PMWL,2026-09-23
E1404,213QNFF,2026-09-09
E1404,213VBRR,2026-09-14
E1404,214BBPW,2026-09-18
E1404,214BBXY,2026-09-18
E1404,214BNSR,2026-09-18
E1404,214BTHL,2026-09-18
E1404,214BWGV,2026-09-18
E1404,214GYWL,2026-09-23
E1404,214JCDV,2026-09-24
E1404,214KKDS,2026-09-25
E1404,2909073,2026-07-21
E1404,2972134,2026-09-15
E1404,5145847,2026-07-22
E1404,5439937,2026-07-25
E1404,5597083,2026-07-31
E1404,5933803,2026-08-12
E1404,5968769,2026-09-19
E1404,5993769,2026-08-14
E1404,5993792,2026-08-14
E1404,5993818,2026-09-17
E1404,5993851,2026-08-14
E1404,5993860,2026-08-14
E1404,6145016,2026-08-20
E1404,6278804,2026-09-24
E1404,6542061,2026-09-11
E1404,6623682,2026-09-04
E1404,6623820,2026-09-04
E1404,6682159,2026-09-06
E1404,6729302,2026-09-08
E1404,6797544,2026-09-10
E1404,6797549,2026-09-10
E1404,6800460,2026-09-10
E1404,6829702,2026-09-11
E1404,6847846,2026-09-12
E1404,6895783,2026-09-15
E1404,6936629,2026-09-16
E1404,6944599,2026-09-17
E1404,6986993,2026-09-18
E1404,6988091,2026-09-18
E1404,6988212,2026-09-18
E1404,6988393,2026-09-18
E1404,7053323,2026-09-21
E1404,7096074,2026-09-22
E1404,7138327,2026-09-23
E1404,7383985,2026-09-25
E1405,211HNPR,2026-09-10
E1405,212YFXB,2026-09-21
E1405,212ZWLJ,2026-09-12
E1405,213JVFZ,2026-09-04
E1405,213LGMF,2026-09-10
E1405,214BSPJ,2026-09-18
E1405,214CKYR,2026-09-18
E1405,2162445,2026-08-07
E1405,2772911,2026-07-22
E1405,4575924,2026-08-22
E1405,5660485,2026-08-28
E1405,5787874,2026-09-24
E1405,6188620,2026-08-22
E1405,6349492,2026-08-27
E1405,6382403,2026-09-11
E1405,6444992,2026-08-31
E1405,6445676,2026-09-11
E1405,6461788,2026-09-02
E1405,6680879,2026-09-06
E1405,6735766,2026-09-08
E1405,6767807,2026-09-09
E1405,6828790,2026-09-11
E1405,7053951,2026-09-21
E1405,7059893,2026-09-25
E1405,7134582,2026-09-23
E1405,7134677,2026-09-23
E1405,7161789,2026-09-24
E1405,7362623,2026-09-25
M1426,213JRDP,2026-09-04
M1426,213LKCF,2026-09-23
M1426,213NCCB,2026-09-11
M1426,213TKST,2026-09-11
M1426,214GCHP,2026-09-23
M1426,214HWHD,2026-09-24
M1426,2191310,2026-09-18
M1426,4952960,2026-07-21
M1426,5141970,2026-07-22
M1426,5477871,2026-08-28
M1426,5665352,2026-08-01
M1426,6106529,2026-09-15
M1426,6205254,2026-08-22
M1426,6433747,2026-09-21
M1426,6466731,2026-08-31
M1426,6517450,2026-09-02
M1426,6525310,2026-09-02
M1426,6534682,2026-09-03
M1426,6623625,2026-09-04
M1426,6706382,2026-09-08
M1426,6824886,2026-09-12
M1426,6863172,2026-09-14
M1426,6865279,2026-09-14
M1426,6927242,2026-09-16
M1426,6927371,2026-09-16
M1426,6932933,2026-09-16
M1426,6932944,2026-09-16
M1426,6936524,2026-09-16
M1426,6936543,2026-09-16
M1426,6985719,2026-09-18
M1426,7151601,2026-09-23
M1426,7157253,2026-09-24
M1426,7161747,2026-09-24
M1426,7164270,2026-09-24
M1426,7167115,2026-09-24
M1426,7352843,2026-09-25
M1426,7380178,2026-09-25
M1426,7380915,2026-09-25
M1430,1830496,2026-09-15
M1430,210ZWMZ,2026-08-28
M1430,212GCVB,2026-09-07
M1430,212HZRT,2026-09-18
M1430,212WBPY,2026-09-09
M1430,213GDKB,2026-09-17
M1430,213GQJV,2026-09-18
M1430,213HYJB,2026-09-19
M1430,213HYVC,2026-09-19
M1430,213KLHK,2026-09-08
M1430,213NMGV,2026-09-08
M1430,213NNKG,2026-09-24
M1430,213NPGN,2026-09-08
M1430,213NQBF,2026-09-24
M1430,213QLSM,2026-09-10
M1430,213QMZG,2026-09-10
M1430,213RHRQ,2026-09-18
M1430,213RMWY,2026-09-10
M1430,213SSTK,2026-09-11
M1430,213VNFD,2026-09-14
M1430,213WBDJ,2026-09-15
M1430,213XNHT,2026-09-21
M1430,213YFTS,2026-09-24
M1430,214CNHJ,2026-09-21
M1430,214DLJD,2026-09-21
M1430,214DSHV,2026-09-23
M1430,214DWLB,2026-09-21
M1430,214FCFQ,2026-09-21
M1430,214FPZV,2026-09-23
M1430,214FVSC,2026-09-22
M1430,214GMGD,2026-09-23
M1430,214HZRV,2026-09-24
M1430,214JCFH,2026-09-24
M1430,214JKBW,2026-09-25
M1430,214JZJQ,2026-09-25
M1430,2294691,2026-08-25
M1430,3341889,2026-08-06
M1430,3613824,2026-07-27
M1430,3874880,2026-07-21
M1430,3875093,2026-07-21
M1430,3877827,2026-07-15
M1430,3878095,2026-07-21
M1430,3878579,2026-07-21
M1430,3878728,2026-07-21
M1430,3882645,2026-07-21
M1430,3992780,2026-07-21
M1430,4071052,2026-07-22
M1430,4301486,2026-06-27
M1430,4602483,2026-07-27
M1430,4602484,2026-07-27
M1430,4709222,2026-07-09
M1430,4709231,2026-07-09
M1430,4735191,2026-08-07
M1430,4766795,2026-07-14
M1430,4780566,2026-07-10
M1430,4786637,2026-07-21
M1430,4871382,2026-07-21
M1430,5042465,2026-07-21
M1430,5042564,2026-07-16
M1430,5058554,2026-07-16
M1430,5081816,2026-08-28
M1430,5435534,2026-07-24
M1430,5552745,2026-07-29
M1430,5572290,2026-08-29
M1430,5637019,2026-08-07
M1430,5831041,2026-08-08
M1430,5853172,2026-08-08
M1430,5909274,2026-08-14
M1430,5973209,2026-08-14
M1430,6077767,2026-08-18
M1430,6091578,2026-09-23
M1430,6108498,2026-08-19
M1430,6142977,2026-08-20
M1430,6204522,2026-08-22
M1430,6222191,2026-08-23
M1430,6240142,2026-09-23
M1430,6273501,2026-09-01
M1430,6273518,2026-09-01
M1430,6315041,2026-09-08
M1430,6323528,2026-09-23
M1430,6323560,2026-09-23
M1430,6323696,2026-09-23
M1430,6323719,2026-09-23
M1430,6382008,2026-08-28
M1430,6393614,2026-08-28
M1430,6399995,2026-08-29
M1430,6401185,2026-09-04
M1430,6425327,2026-08-30
M1430,6425413,2026-08-30
M1430,6425444,2026-08-31
M1430,6433799,2026-09-17
M1430,6433879,2026-09-17
M1430,6441752,2026-09-06
M1430,6495494,2026-09-01
M1430,6513577,2026-09-02
M1430,6516703,2026-09-23
M1430,6517330,2026-09-02
M1430,6517531,2026-09-02
M1430,6517644,2026-09-02
M1430,6517698,2026-09-02
M1430,6517720,2026-09-02
M1430,6518507,2026-09-02
M1430,6538994,2026-09-03
M1430,6573417,2026-09-03
M1430,6573602,2026-09-03
M1430,6573748,2026-09-03
M1430,6573782,2026-09-03
M1430,6573787,2026-09-03
M1430,6573801,2026-09-03
M1430,6573812,2026-09-03
M1430,6573820,2026-09-03
M1430,6573828,2026-09-03
M1430,6573832,2026-09-03
M1430,6573864,2026-09-03
M1430,6573874,2026-09-03
M1430,6573883,2026-09-03
M1430,6573896,2026-09-03
M1430,6573912,2026-09-03
M1430,6573925,2026-09-03
M1430,6574026,2026-09-03
M1430,6574027,2026-09-03
M1430,6574029,2026-09-03
M1430,6574037,2026-09-03
M1430,6602540,2026-09-04
M1430,6622858,2026-09-18
M1430,6623730,2026-09-04
M1430,6624352,2026-09-04
M1430,6635452,2026-09-04
M1430,6637053,2026-09-04
M1430,6638496,2026-09-05
M1430,6662391,2026-09-05
M1430,6665827,2026-09-05
M1430,6665830,2026-09-05
M1430,6686701,2026-09-10
M1430,6693201,2026-09-08
M1430,6732327,2026-09-08
M1430,6744727,2026-09-09
M1430,6765842,2026-09-09
M1430,6766153,2026-09-09
M1430,6766175,2026-09-09
M1430,6766179,2026-09-09
M1430,6766224,2026-09-09
M1430,6766225,2026-09-10
M1430,6772181,2026-09-09
M1430,6772367,2026-09-09
M1430,6775360,2026-09-09
M1430,6797098,2026-09-10
M1430,6797099,2026-09-10
M1430,6797178,2026-09-10
M1430,6797235,2026-09-10
M1430,6797327,2026-09-10
M1430,6797368,2026-09-10
M1430,6797380,2026-09-10
M1430,6797414,2026-09-10
M1430,6797415,2026-09-10
M1430,6797419,2026-09-10
M1430,6797442,2026-09-10
M1430,6797444,2026-09-10
M1430,6797462,2026-09-10
M1430,6797468,2026-09-10
M1430,6797474,2026-09-10
M1430,6797491,2026-09-10
M1430,6797667,2026-09-10
M1430,6803407,2026-09-10
M1430,6809670,2026-09-11
M1430,6825722,2026-09-12
M1430,6845765,2026-09-14
M1430,6845894,2026-09-12
M1430,6846493,2026-09-12
M1430,6846497,2026-09-12
M1430,6895537,2026-09-15
M1430,6895589,2026-09-15
M1430,6895725,2026-09-15
M1430,6895928,2026-09-15
M1430,6895935,2026-09-15
M1430,6895938,2026-09-15
M1430,6910581,2026-09-16
M1430,6928076,2026-09-16
M1430,6928124,2026-09-16
M1430,6963469,2026-09-17
M1430,6963482,2026-09-17
M1430,6963510,2026-09-17
M1430,6963618,2026-09-17
M1430,6963633,2026-09-17
M1430,6963711,2026-09-17
M1430,6963745,2026-09-17
M1430,6963752,2026-09-17
M1430,6963765,2026-09-17
M1430,6963770,2026-09-17
M1430,6963811,2026-09-17
M1430,6963820,2026-09-17
M1430,6963844,2026-09-17
M1430,6963943,2026-09-17
M1430,6963972,2026-09-17
M1430,6964020,2026-09-17
M1430,6964039,2026-09-17
M1430,6964043,2026-09-17
M1430,6964056,2026-09-17
M1430,6967205,2026-09-17
M1430,6986463,2026-09-18
M1430,6986504,2026-09-18
M1430,6986506,2026-09-18
M1430,6986680,2026-09-18
M1430,7030404,2026-09-19
M1430,7030454,2026-09-19
M1430,7030655,2026-09-25
M1430,7043806,2026-09-20
M1430,7043934,2026-09-20
M1430,7043938,2026-09-20
M1430,7043945,2026-09-20
M1430,7043947,2026-09-20
M1430,7053283,2026-09-21
M1430,7053289,2026-09-21
M1430,7053325,2026-09-21
M1430,7053680,2026-09-21
M1430,7093590,2026-09-22
M1430,7093592,2026-09-22
M1430,7093669,2026-09-22
M1430,7093728,2026-09-22
M1430,7093813,2026-09-22
M1430,7093823,2026-09-22
M1430,7104718,2026-09-23
M1430,7112674,2026-09-24
M1430,7113099,2026-09-23
M1430,7114251,2026-09-23
M1430,7115479,2026-09-23
M1430,7115729,2026-09-23
M1430,7126465,2026-09-23
M1430,7132045,2026-09-23
M1430,7132052,2026-09-23
M1430,7132098,2026-09-23
M1430,7132111,2026-09-23
M1430,7132153,2026-09-23
M1430,7132211,2026-09-23
M1430,7136552,2026-09-23
M1430,7136615,2026-09-23
M1430,7136637,2026-09-23
M1430,7136853,2026-09-23
M1430,7136876,2026-09-23
M1430,7136935,2026-09-23
M1430,7137109,2026-09-23
M1430,7155919,2026-09-24
M1430,7162294,2026-09-24
M1430,7162323,2026-09-24
M1430,7162591,2026-09-24
M1430,7162605,2026-09-24
M1430,7162652,2026-09-24
M1430,7162678,2026-09-24
M1430,7162695,2026-09-24
M1430,7162706,2026-09-24
M1430,7162726,2026-09-24
M1430,7162730,2026-09-24
M1430,7162771,2026-09-24
M1430,7162796,2026-09-24
M1430,7162823,2026-09-24
M1430,7162825,2026-09-24
M1430,7162831,2026-09-24
M1430,7162838,2026-09-24
M1430,7162839,2026-09-24
M1430,7162841,2026-09-24
M1430,7162842,2026-09-24
M1430,7162855,2026-09-24
M1430,7162856,2026-09-24
M1430,7162861,2026-09-24
M1430,7162876,2026-09-24
M1430,7162883,2026-09-24
M1430,7162893,2026-09-24
M1430,7162897,2026-09-24
M1430,7162898,2026-09-24
M1430,7162901,2026-09-24
M1430,7162903,2026-09-24
M1430,7162910,2026-09-24
M1430,7162921,2026-09-24
M1430,7162930,2026-09-24
M1430,7162934,2026-09-24
M1430,7162936,2026-09-24
M1430,7162946,2026-09-24
M1430,7162987,2026-09-24
M1430,7163006,2026-09-24
M1430,7348796,2026-09-25
M1430,7352390,2026-09-25
M1430,7352455,2026-09-25
M1430,7352848,2026-09-25
M1430,7354229,2026-09-25
M1430,7355380,2026-09-25
M1430,7358538,2026-09-25
M1430,7380108,2026-09-25
M1430,7380879,2026-09-25
M1430,7381018,2026-09-25
M1430,7381311,2026-09-25
M1430,7381315,2026-09-25
M1430,7381316,2026-09-25
M1430,7381318,2026-09-25
M1430,7381355,2026-09-25
M1620,1204223,2026-09-25
M1620,206JKYK,2026-09-10
M1620,210YBKQ,2026-09-16
M1620,211RFPT,2026-09-22
M1620,212JZQC,2026-09-17
M1620,212MVSK,2026-09-02
M1620,212QHXP,2026-09-15
M1620,212SLSH,2026-09-24
M1620,213CDKJ,2026-09-25
M1620,213CNSJ,2026-09-18
M1620,213FHYB,2026-09-23
M1620,213FMTL,2026-09-18
M1620,213HWPG,2026-09-23
M1620,213KWVV,2026-09-07
M1620,213MNWG,2026-09-07
M1620,213NHYV,2026-09-08
M1620,213PBJL,2026-09-09
M1620,213PDLB,2026-09-24
M1620,213PGBZ,2026-09-24
M1620,213RDKG,2026-09-11
M1620,213SRSY,2026-09-15
M1620,213WGXH,2026-09-15
M1620,213XHXB,2026-09-16
M1620,213ZZQN,2026-09-17
M1620,214BGKY,2026-09-18
M1620,214GGRS,2026-09-22
M1620,214GHRZ,2026-09-22
M1620,214HBKG,2026-09-23
M1620,214KQRS,2026-09-25
M1620,2205761,2026-07-27
M1620,2205763,2026-07-27
M1620,2294629,2026-09-01
M1620,3883655,2026-07-14
M1620,4298695,2026-06-27
M1620,4298736,2026-06-27
M1620,4298756,2026-06-27
M1620,4298827,2026-06-27
M1620,4298851,2026-06-27
M1620,4298872,2026-06-27
M1620,4298904,2026-06-27
M1620,4298932,2026-06-27
M1620,4481382,2026-08-31
M1620,4499330,2026-07-21
M1620,4564674,2026-07-14
M1620,4630612,2026-07-07
M1620,4633265,2026-08-05
M1620,4633282,2026-08-05
M1620,4633284,2026-08-05
M1620,4633289,2026-08-05
M1620,4633292,2026-08-05
M1620,4633301,2026-08-05
M1620,4633305,2026-08-05
M1620,4633312,2026-08-05
M1620,4633322,2026-08-05
M1620,4633335,2026-08-05
M1620,4633341,2026-08-05
M1620,5040451,2026-07-21
M1620,5043406,2026-08-22
M1620,5079318,2026-07-22
M1620,5170382,2026-07-20
M1620,5340930,2026-07-22
M1620,5383824,2026-08-18
M1620,5620746,2026-07-31
M1620,5661661,2026-08-01
M1620,5744262,2026-08-06
M1620,5791817,2026-08-06
M1620,6021026,2026-08-15
M1620,6029790,2026-09-15
M1620,6029835,2026-09-15
M1620,6217221,2026-09-15
M1620,6304629,2026-08-26
M1620,6341915,2026-08-27
M1620,6342611,2026-09-02
M1620,6424932,2026-08-29
M1620,6445511,2026-08-31
M1620,6445546,2026-08-31
M1620,6445571,2026-08-31
M1620,6460518,2026-08-31
M1620,6468646,2026-09-25
M1620,6468647,2026-09-25
M1620,6468648,2026-09-25
M1620,6468649,2026-09-25
M1620,6468650,2026-09-25
M1620,6468651,2026-09-25
M1620,6468653,2026-09-25
M1620,6468654,2026-09-25
M1620,6468655,2026-09-25
M1620,6478497,2026-09-01
M1620,6506919,2026-09-02
M1620,6508196,2026-09-02
M1620,6516747,2026-09-23
M1620,6516750,2026-09-23
M1620,6517538,2026-09-02
M1620,6531384,2026-09-02
M1620,6574103,2026-09-03
M1620,6581713,2026-09-05
M1620,6596909,2026-09-04
M1620,6623793,2026-09-04
M1620,6625235,2026-09-04
M1620,6637613,2026-09-05
M1620,6642264,2026-09-05
M1620,6667474,2026-09-11
M1620,6672967,2026-09-05
M1620,6692166,2026-09-08
M1620,6692170,2026-09-08
M1620,6692716,2026-09-07
M1620,6692720,2026-09-07
M1620,6697170,2026-09-07
M1620,6727699,2026-09-08
M1620,6731844,2026-09-08
M1620,6738728,2026-09-09
M1620,6769096,2026-09-09
M1620,6797478,2026-09-10
M1620,6797592,2026-09-10
M1620,6799855,2026-09-10
M1620,6805560,2026-09-10
M1620,6826246,2026-09-11
M1620,6846483,2026-09-12
M1620,6863124,2026-09-14
M1620,6865263,2026-09-14
M1620,6881451,2026-09-25
M1620,6881453,2026-09-25
M1620,6927894,2026-09-16
M1620,6964023,2026-09-17
M1620,6964156,2026-09-17
M1620,6966293,2026-09-17
M1620,6986657,2026-09-18
M1620,6987509,2026-09-18
M1620,6993162,2026-09-18
M1620,6994995,2026-09-18
M1620,7002016,2026-09-18
M1620,7007543,2026-09-18
M1620,7009218,2026-09-18
M1620,7030711,2026-09-25
M1620,7032158,2026-09-19
M1620,7043939,2026-09-20
M1620,7068674,2026-09-25
M1620,7100607,2026-09-22
M1620,7103843,2026-09-22
M1620,7132314,2026-09-23
M1620,7134653,2026-09-23
M1620,7135146,2026-09-23
M1620,7155936,2026-09-24
M1620,7163104,2026-09-24
M1620,7165210,2026-09-24
M1620,7169585,2026-09-24
M1620,7346319,2026-09-24
M1620,7346335,2026-09-24
M1620,7346391,2026-09-24
M1620,7352450,2026-09-25
M1620,7356485,2026-09-25
M1620,7380999,2026-09-25
M1620,7381007,2026-09-25
M1703,1473585,2026-07-21
M1703,1741860,2026-08-14
M1703,1741872,2026-08-14
M1703,1857605,2026-06-29
M1703,207YFMS,2026-09-01
M1703,210HMQR,2026-09-18
M1703,210WSGX,2026-09-25
M1703,211NLQK,2026-09-23
M1703,211TGFH,2026-09-17
M1703,212QBWV,2026-09-09
M1703,212VCTR,2026-09-21
M1703,212VKLZ,2026-09-21
M1703,212XQGD,2026-09-11
M1703,212ZZPG,2026-08-27
M1703,213BGTG,2026-09-18
M1703,213BNDP,2026-09-23
M1703,213DYWX,2026-09-16
M1703,213FSXX,2026-09-01
M1703,213GMJG,2026-09-16
M1703,213HFDV,2026-09-23
M1703,213HLPX,2026-09-22
M1703,213KMWL,2026-09-20
M1703,213KYQB,2026-09-21
M1703,213LCJL,2026-09-20
M1703,213LHXM,2026-09-20
M1703,213LHXX,2026-09-20
M1703,213LHYL,2026-09-20
M1703,213LJRK,2026-09-17
M1703,213LXXC,2026-09-07
M1703,213MQKF,2026-09-23
M1703,213MQZZ,2026-09-23
M1703,213MVNS,2026-09-07
M1703,213NJBY,2026-09-24
M1703,213NNDT,2026-09-24
M1703,213PFPX,2026-09-24
M1703,213PHTG,2026-09-24
M1703,213PWKM,2026-09-09
M1703,213QCVQ,2026-09-09
M1703,213QGVN,2026-09-22
M1703,213QRJV,2026-09-10
M1703,213SCXD,2026-09-14
M1703,213TRMJ,2026-09-14
M1703,213VWNM,2026-09-14
M1703,213YBDL,2026-09-24
M1703,213YKQK,2026-09-16
M1703,2142158,2026-09-15
M1703,214BFZK,2026-09-18
M1703,214CJPV,2026-09-18
M1703,214CPFP,2026-09-18
M1703,214CRKS,2026-09-18
M1703,214CVBQ,2026-09-19
M1703,214CWKH,2026-09-21
M1703,214DLGP,2026-09-21
M1703,214DQDX,2026-09-21
M1703,214FMBT,2026-09-24
M1703,214FMMB,2026-09-22
M1703,214FTPQ,2026-09-22
M1703,214FZKY,2026-09-22
M1703,214GYWG,2026-09-23
M1703,214HCPH,2026-09-23
M1703,214HFLS,2026-09-24
M1703,214HJFG,2026-09-23
M1703,214HMZW,2026-09-24
M1703,214JKKF,2026-09-25
M1703,214JKKK,2026-09-24
M1703,214JKSB,2026-09-25
M1703,214JQBY,2026-09-24
M1703,214JQVL,2026-09-25
M1703,214JXXS,2026-09-25
M1703,214KFDS,2026-09-25
M1703,214KFNG,2026-09-25
M1703,214KFNP,2026-09-25
M1703,2393212,2026-09-23
M1703,2395849,2026-08-31
M1703,2396253,2026-07-25
M1703,2535767,2026-07-24
M1703,2644184,2026-09-07
M1703,2899435,2026-07-21
M1703,2974911,2026-09-25
M1703,3055943,2026-09-25
M1703,3368478,2026-07-21
M1703,3601461,2026-09-21
M1703,3767143,2026-09-11
M1703,3854846,2026-07-22
M1703,3998835,2026-09-24
M1703,4054476,2026-09-15
M1703,4110605,2026-08-19
M1703,4134659,2026-09-18
M1703,4171799,2026-08-26
M1703,4298740,2026-06-30
M1703,4298929,2026-08-31
M1703,4300165,2026-06-27
M1703,4309730,2026-09-21
M1703,4526891,2026-09-21
M1703,4570825,2026-09-11
M1703,4579692,2026-07-05
M1703,4635240,2026-09-21
M1703,4635356,2026-09-21
M1703,4704762,2026-08-31
M1703,4709907,2026-09-11
M1703,4710795,2026-09-18
M1703,4773001,2026-07-09
M1703,4790329,2026-09-21
M1703,4790335,2026-09-21
M1703,4818944,2026-08-20
M1703,4871474,2026-08-28
M1703,4893487,2026-09-11
M1703,5054501,2026-09-01
M1703,5054724,2026-08-19
M1703,5060365,2026-08-26
M1703,5072663,2026-07-17
M1703,5072670,2026-07-17
M1703,5077364,2026-07-22
M1703,5077433,2026-09-17
M1703,5123970,2026-08-10
M1703,5133837,2026-09-21
M1703,5184522,2026-08-05
M1703,5197277,2026-08-27
M1703,5337174,2026-09-21
M1703,5351194,2026-09-04
M1703,5352017,2026-09-22
M1703,5358346,2026-08-21
M1703,5367734,2026-09-21
M1703,5392031,2026-07-23
M1703,5438055,2026-07-25
M1703,5458833,2026-08-26
M1703,5459063,2026-09-01
M1703,5477780,2026-07-26
M1703,5494034,2026-07-27
M1703,5568134,2026-09-20
M1703,5583328,2026-08-31
M1703,5587902,2026-09-11
M1703,5594164,2026-08-25
M1703,5596786,2026-07-31
M1703,5614571,2026-09-01
M1703,5638816,2026-09-25
M1703,5655139,2026-09-21
M1703,5665705,2026-08-01
M1703,5690226,2026-08-03
M1703,5713492,2026-08-05
M1703,5741594,2026-08-06
M1703,5778417,2026-08-06
M1703,5787569,2026-08-06
M1703,5788078,2026-09-24
M1703,5791841,2026-08-06
M1703,5793043,2026-08-06
M1703,5848391,2026-09-09
M1703,5880164,2026-08-10
M1703,5898055,2026-09-21
M1703,5929964,2026-09-21
M1703,6030617,2026-09-21
M1703,6040439,2026-09-21
M1703,6074392,2026-09-21
M1703,6107700,2026-08-19
M1703,6117243,2026-08-19
M1703,6121107,2026-09-18
M1703,6141774,2026-08-20
M1703,6148877,2026-08-20
M1703,6148902,2026-08-20
M1703,6187693,2026-09-23
M1703,6207713,2026-08-22
M1703,6233917,2026-08-24
M1703,6235533,2026-09-08
M1703,6260928,2026-08-25
M1703,6275991,2026-09-08
M1703,6304481,2026-08-26
M1703,6304493,2026-08-26
M1703,6304498,2026-08-26
M1703,6304507,2026-08-26
M1703,6304533,2026-08-26
M1703,6321959,2026-09-25
M1703,6338184,2026-08-27
M1703,6358306,2026-09-20
M1703,6358869,2026-09-02
M1703,6395547,2026-09-18
M1703,6398629,2026-09-21
M1703,6401494,2026-09-11
M1703,6414965,2026-08-29
M1703,6416963,2026-09-17
M1703,6424883,2026-08-29
M1703,6425816,2026-09-17
M1703,6431162,2026-08-30
M1703,6433787,2026-09-17
M1703,6445503,2026-08-31
M1703,6445533,2026-08-31
M1703,6499030,2026-09-01
M1703,6506713,2026-09-02
M1703,6525368,2026-09-02
M1703,6532995,2026-09-02
M1703,6536039,2026-09-18
M1703,6537135,2026-09-19
M1703,6568908,2026-09-03
M1703,6577448,2026-09-03
M1703,6590035,2026-09-03
M1703,6590131,2026-09-03
M1703,6590779,2026-09-04
M1703,6591360,2026-09-04
M1703,6597055,2026-09-04
M1703,6620330,2026-09-04
M1703,6620476,2026-09-04
M1703,6634392,2026-09-04
M1703,6638588,2026-09-19
M1703,6638809,2026-09-05
M1703,6672942,2026-09-05
M1703,6673446,2026-09-05
M1703,6691448,2026-09-07
M1703,6692612,2026-09-24
M1703,6697345,2026-09-07
M1703,6704513,2026-09-08
M1703,6710818,2026-09-21
M1703,6732246,2026-09-08
M1703,6735037,2026-09-08
M1703,6747818,2026-09-09
M1703,6749179,2026-09-09
M1703,6763085,2026-09-09
M1703,6763102,2026-09-09
M1703,6763126,2026-09-09
M1703,6763157,2026-09-25
M1703,6776960,2026-09-10
M1703,6780100,2026-09-11
M1703,6782089,2026-09-10
M1703,6797254,2026-09-10
M1703,6803254,2026-09-10
M1703,6806386,2026-09-10
M1703,6846510,2026-09-12
M1703,6865361,2026-09-14
M1703,6865365,2026-09-14
M1703,6881901,2026-09-21
M1703,6881915,2026-09-21
M1703,6881947,2026-09-21
M1703,6894150,2026-09-15
M1703,6898876,2026-09-15
M1703,6907414,2026-09-15
M1703,6909712,2026-09-16
M1703,6932963,2026-09-16
M1703,6936556,2026-09-16
M1703,6963924,2026-09-17
M1703,6972143,2026-09-19
M1703,6986647,2026-09-18
M1703,6988801,2026-09-18
M1703,7007745,2026-09-18
M1703,7010834,2026-09-23
M1703,7010852,2026-09-21
M1703,7010875,2026-09-19
M1703,7011177,2026-09-19
M1703,7011825,2026-09-19
M1703,7012139,2026-09-25
M1703,7015049,2026-09-19
M1703,7015711,2026-09-19
M1703,7030334,2026-09-19
M1703,7035065,2026-09-24
M1703,7036507,2026-09-20
M1703,7043158,2026-09-20
M1703,7044107,2026-09-20
M1703,7044870,2026-09-20
M1703,7054456,2026-09-21
M1703,7054457,2026-09-21
M1703,7054576,2026-09-21
M1703,7054901,2026-09-21
M1703,7057972,2026-09-21
M1703,7058664,2026-09-21
M1703,7061323,2026-09-21
M1703,7061772,2026-09-21
M1703,7062594,2026-09-21
M1703,7063244,2026-09-21
M1703,7071089,2026-09-22
M1703,7072792,2026-09-25
M1703,7073126,2026-09-25
M1703,7073720,2026-09-22
M1703,7073820,2026-09-22
M1703,7100737,2026-09-22
M1703,7105471,2026-09-23
M1703,7107871,2026-09-23
M1703,7112086,2026-09-23
M1703,7112910,2026-09-23
M1703,7114695,2026-09-23
M1703,7117610,2026-09-23
M1703,7133065,2026-09-23
M1703,7133927,2026-09-23
M1703,7133965,2026-09-23
M1703,7138293,2026-09-23
M1703,7152378,2026-09-24
M1703,7153671,2026-09-24
M1703,7155457,2026-09-24
M1703,7155486,2026-09-25
M1703,7160515,2026-09-24
M1703,7164222,2026-09-24
M1703,7167693,2026-09-24
M1703,7348479,2026-09-25
M1703,7348536,2026-09-25
M1703,7349907,2026-09-25
M1703,7352281,2026-09-25
M1703,7357419,2026-09-25
M1703,7358147,2026-09-25
M1703,7379882,2026-09-25
M1703,7380171,2026-09-25
M1703,7380624,2026-09-25
M1703,7384040,2026-09-25
M1705,1917942,2026-06-30
M1705,206MMWW,2026-08-31
M1705,210JCCV,2026-09-22
M1705,211TFMF,2026-09-24
M1705,212KFBZ,2026-09-14
M1705,212WGYT,2026-09-23
M1705,213CNKM,2026-09-16
M1705,213FMXS,2026-09-21
M1705,213GXMM,2026-09-02
M1705,213KJSG,2026-09-04
M1705,213KRZF,2026-09-22
M1705,213KTSS,2026-09-20
M1705,213KVHH,2026-09-20
M1705,213KZGX,2026-09-07
M1705,213LZFR,2026-09-07
M1705,213MBPH,2026-09-07
M1705,213MCDD,2026-09-07
M1705,213MPJM,2026-09-21
M1705,213MWMY,2026-09-07
M1705,213MYGH,2026-09-08
M1705,213MZHN,2026-09-07
M1705,213NTSP,2026-09-08
M1705,213NVNM,2026-09-08
M1705,213PQGR,2026-09-24
M1705,213PZDC,2026-09-24
M1705,213QGQY,2026-09-09
M1705,213QJRP,2026-09-14
M1705,213QLYB,2026-09-09
M1705,213RBNQ,2026-09-23
M1705,213RMVN,2026-09-18
M1705,213RPLC,2026-09-10
M1705,213RRYB,2026-09-10
M1705,213RTRX,2026-09-22
M1705,213RXYH,2026-09-21
M1705,213SDWT,2026-09-23
M1705,213SJGZ,2026-09-24
M1705,213TDHX,2026-09-21
M1705,213TMFS,2026-09-18
M1705,213TRMT,2026-09-24
M1705,213TRRJ,2026-09-15
M1705,213TRVW,2026-09-11
M1705,213VHLT,2026-09-23
M1705,213VPPR,2026-09-14
M1705,213VQWB,2026-09-15
M1705,213VTRD,2026-09-23
M1705,213VYPR,2026-09-25
M1705,213XFNB,2026-09-15
M1705,213XSNN,2026-09-16
M1705,213YBFH,2026-09-16
M1705,213ZJGP,2026-09-17
M1705,213ZKFH,2026-09-24
M1705,213ZQDJ,2026-09-17
M1705,213ZVPK,2026-09-24
M1705,214BHNH,2026-09-20
M1705,214BJJD,2026-09-17
M1705,214CHTN,2026-09-21
M1705,214CNVZ,2026-09-23
M1705,214CQYT,2026-09-18
M1705,214CVHL,2026-09-21
M1705,214CYPD,2026-09-21
M1705,214DGVS,2026-09-21
M1705,214GNCT,2026-09-23
M1705,214GPQW,2026-09-23
M1705,214GQLD,2026-09-22
M1705,214GSHG,2026-09-24
M1705,214GTXB,2026-09-23
M1705,214HGRG,2026-09-23
M1705,214HHZP,2026-09-25
M1705,214HQZM,2026-09-25
M1705,214HTYZ,2026-09-24
M1705,214HVCK,2026-09-23
M1705,214HYKQ,2026-09-24
M1705,214JGTB,2026-09-25
M1705,214JQTJ,2026-09-25
M1705,214JTTV,2026-09-24
M1705,214JYSF,2026-09-25
M1705,214KCGD,2026-09-24
M1705,3553127,2026-09-18
M1705,3630275,2026-07-07
M1705,3684776,2026-07-07
M1705,4026622,2026-08-26
M1705,4106945,2026-08-26
M1705,4106993,2026-08-26
M1705,4107032,2026-08-26
M1705,4247941,2026-08-25
M1705,4256132,2026-06-27
M1705,4276761,2026-08-25
M1705,4298669,2026-06-27
M1705,4298670,2026-06-27
M1705,4298715,2026-06-27
M1705,4298992,2026-06-27
M1705,4457098,2026-07-01
M1705,4457120,2026-08-25
M1705,4744492,2026-07-12
M1705,4788120,2026-07-14
M1705,5060278,2026-07-16
M1705,5076638,2026-07-22
M1705,5114627,2026-08-25
M1705,5170254,2026-08-25
M1705,5175660,2026-07-20
M1705,5179916,2026-07-21
M1705,5223122,2026-09-18
M1705,5351087,2026-07-22
M1705,5392033,2026-07-23
M1705,5434768,2026-07-24
M1705,5463094,2026-08-25
M1705,5493598,2026-07-27
M1705,5494045,2026-07-27
M1705,5522975,2026-08-10
M1705,5562840,2026-07-29
M1705,5569515,2026-07-30
M1705,5637577,2026-08-01
M1705,5688032,2026-08-31
M1705,5791445,2026-08-14
M1705,5801796,2026-09-22
M1705,5908448,2026-09-10
M1705,5938763,2026-08-28
M1705,5939825,2026-08-12
M1705,5963084,2026-08-13
M1705,6076947,2026-09-17
M1705,6107702,2026-08-19
M1705,6141630,2026-08-20
M1705,6155736,2026-09-11
M1705,6169278,2026-08-21
M1705,6169353,2026-08-21
M1705,6204910,2026-08-22
M1705,6235878,2026-08-24
M1705,6266467,2026-08-26
M1705,6278598,2026-09-25
M1705,6306275,2026-08-26
M1705,6341750,2026-08-27
M1705,6353365,2026-08-27
M1705,6363832,2026-08-28
M1705,6363900,2026-08-28
M1705,6382439,2026-08-28
M1705,6398004,2026-09-21
M1705,6417582,2026-08-29
M1705,6422130,2026-08-29
M1705,6425769,2026-09-25
M1705,6425828,2026-09-25
M1705,6425933,2026-09-25
M1705,6425962,2026-09-25
M1705,6437450,2026-09-18
M1705,6445512,2026-08-31
M1705,6445545,2026-08-31
M1705,6461895,2026-09-02
M1705,6471583,2026-09-01
M1705,6495515,2026-09-01
M1705,6499287,2026-09-01
M1705,6531623,2026-09-02
M1705,6531629,2026-09-02
M1705,6533061,2026-09-02
M1705,6534358,2026-09-03
M1705,6568729,2026-09-22
M1705,6570948,2026-09-03
M1705,6573968,2026-09-03
M1705,6574724,2026-09-03
M1705,6575626,2026-09-03
M1705,6575651,2026-09-03
M1705,6588482,2026-09-08
M1705,6589108,2026-09-03
M1705,6589222,2026-09-03
M1705,6620354,2026-09-04
M1705,6623892,2026-09-07
M1705,6623893,2026-09-07
M1705,6634899,2026-09-04
M1705,6634932,2026-09-16
M1705,6635928,2026-09-04
M1705,6644188,2026-09-05
M1705,6644276,2026-09-05
M1705,6667434,2026-09-05
M1705,6692924,2026-09-07
M1705,6697462,2026-09-07
M1705,6742260,2026-09-09
M1705,6766042,2026-09-09
M1705,6774589,2026-09-09
M1705,6781143,2026-09-10
M1705,6796509,2026-09-10
M1705,6796685,2026-09-25
M1705,6799864,2026-09-10
M1705,6826360,2026-09-11
M1705,6846733,2026-09-12
M1705,6847915,2026-09-12
M1705,6863168,2026-09-14
M1705,6894516,2026-09-15
M1705,6896213,2026-09-15
M1705,6896270,2026-09-15
M1705,6910717,2026-09-16
M1705,6927864,2026-09-16
M1705,6928162,2026-09-17
M1705,6928174,2026-09-17
M1705,6967962,2026-09-17
M1705,6969529,2026-09-18
M1705,6987594,2026-09-18
M1705,6995198,2026-09-18
M1705,6997335,2026-09-18
M1705,7006162,2026-09-18
M1705,7006676,2026-09-18
M1705,7014595,2026-09-19
M1705,7033244,2026-09-19
M1705,7043054,2026-09-20
M1705,7053322,2026-09-21
M1705,7061784,2026-09-21
M1705,7066946,2026-09-21
M1705,7068663,2026-09-25
M1705,7071596,2026-09-22
M1705,7091273,2026-09-22
M1705,7093072,2026-09-22
M1705,7093144,2026-09-22
M1705,7100665,2026-09-22
M1705,7103301,2026-09-22
M1705,7105198,2026-09-23
M1705,7149182,2026-09-23
M1705,7152101,2026-09-23
M1705,7152286,2026-09-24
M1705,7158096,2026-09-24
M1705,7158411,2026-09-24
M1705,7162150,2026-09-25
M1705,7162717,2026-09-24
M1705,7163009,2026-09-24
M1705,7163039,2026-09-24
M1705,7163779,2026-09-24
M1705,7164106,2026-09-24
M1705,7344632,2026-09-24
M1705,7345545,2026-09-24
M1705,7345551,2026-09-24
M1705,7347393,2026-09-25
M1705,7350069,2026-09-25
M1705,7378586,2026-09-25
M1705,7379851,2026-09-25
M1705,7380979,2026-09-25
M1705,7381011,2026-09-25
M1705,7381373,2026-09-25
M1706,208SDYZ,2026-08-31
M1706,210VSCX,2026-09-14
M1706,211YRWR,2026-09-24
M1706,212CNYZ,2026-09-14
M1706,212CSWM,2026-09-15
M1706,212DMDC,2026-08-27
M1706,213GBQR,2026-09-02
M1706,213HGDQ,2026-09-02
M1706,213HGHG,2026-09-02
M1706,213MDQK,2026-09-14
M1706,213MHGF,2026-09-23
M1706,213ZCHH,2026-09-17
M1706,213ZHZK,2026-09-18
M1706,214BFLN,2026-09-17
M1706,214GYGC,2026-09-24
M1706,214JKQP,2026-09-24
M1706,4298950,2026-06-27
M1706,4570664,2026-09-11
M1706,5113339,2026-07-18
M1706,5555956,2026-09-11
M1706,5587224,2026-09-11
M1706,5587258,2026-07-30
M1706,6269698,2026-09-02
M1706,6269720,2026-08-25
M1706,6269727,2026-08-26
M1706,6269734,2026-08-25
M1706,6347466,2026-08-27
M1706,6382025,2026-08-28
M1706,6425112,2026-08-30
M1706,6433888,2026-09-17
M1706,6498906,2026-09-01
M1706,6506087,2026-09-25
M1706,6568895,2026-09-03
M1706,6576373,2026-09-03
M1706,6594755,2026-09-04
M1706,6665691,2026-09-05
M1706,6665693,2026-09-05
M1706,6665701,2026-09-05
M1706,6665738,2026-09-05
M1706,6665746,2026-09-05
M1706,6665760,2026-09-05
M1706,6665763,2026-09-05
M1706,6667923,2026-09-05
M1706,6682592,2026-09-06
M1706,6727605,2026-09-08
M1706,6727628,2026-09-08
M1706,6727636,2026-09-08
M1706,6727642,2026-09-08
M1706,6727644,2026-09-08
M1706,6727656,2026-09-08
M1706,6727658,2026-09-08
M1706,6727659,2026-09-08
M1706,6727683,2026-09-08
M1706,6727709,2026-09-08
M1706,6729288,2026-09-08
M1706,6740420,2026-09-09
M1706,6766090,2026-09-09
M1706,6797704,2026-09-10
M1706,6809284,2026-09-11
M1706,6845848,2026-09-12
M1706,6846303,2026-09-12
M1706,6846410,2026-09-12
M1706,6846422,2026-09-12
M1706,6846425,2026-09-12
M1706,6846428,2026-09-12
M1706,6846430,2026-09-12
M1706,6846433,2026-09-12
M1706,6846435,2026-09-12
M1706,6846436,2026-09-12
M1706,6846452,2026-09-12
M1706,6911089,2026-09-16
M1706,6963827,2026-09-17
M1706,6964851,2026-09-17
M1706,7011340,2026-09-25
M1706,7053232,2026-09-21
M1706,7053333,2026-09-21
M1706,7053667,2026-09-21
M1706,7059859,2026-09-25
M1706,7093908,2026-09-22
M1706,7094104,2026-09-22
M1706,7112105,2026-09-23
M1706,7132109,2026-09-23
M1706,7132173,2026-09-23
M1706,7136673,2026-09-23
M1706,7161837,2026-09-24
M1706,7161989,2026-09-24
M1706,7164130,2026-09-24
M1706,7164955,2026-09-24
M1706,7378703,2026-09-25
M1706,7380364,2026-09-25
M1706,7381206,2026-09-25
M1706,7381207,2026-09-25
M1706,7381229,2026-09-25
M1706,7381251,2026-09-25
M1706,7381261,2026-09-25
M1706,7381262,2026-09-25
M1711,211PJCH,2026-09-25
M1711,212VKKF,2026-09-21
M1711,213JPHL,2026-09-04
M1711,213RPKV,2026-09-10
M1711,214CGKL,2026-09-18
M1711,214HVVM,2026-09-24
M1711,2944223,2026-07-18
M1711,3874715,2026-07-21
M1711,5060261,2026-07-16
M1711,5083101,2026-07-17
M1711,5083112,2026-07-17
M1711,5083113,2026-07-17
M1711,5083118,2026-07-17
M1711,5083121,2026-07-17
M1711,5083122,2026-07-17
M1711,5083134,2026-07-17
M1711,5083135,2026-07-17
M1711,5083136,2026-07-17
M1711,5117984,2026-07-18
M1711,5516847,2026-09-02
M1711,5522935,2026-09-25
M1711,5698799,2026-08-05
M1711,5698808,2026-08-05
M1711,5715947,2026-08-05
M1711,6278413,2026-08-26
M1711,6466372,2026-08-31
M1711,6475031,2026-09-01
M1711,6530168,2026-09-02
M1711,6640853,2026-09-05
M1711,6673117,2026-09-08
M1711,6727731,2026-09-08
M1711,6887426,2026-09-15
M1711,6892197,2026-09-15
M1711,6988009,2026-09-18
M1711,7053228,2026-09-21
M1711,7106124,2026-09-23
M1711,7112542,2026-09-23
M1711,7113368,2026-09-23
M1711,7113448,2026-09-23
M1711,7113493,2026-09-23
M1711,7113522,2026-09-23
M1711,7114729,2026-09-23
M1711,7345803,2026-09-24
M1711,7347048,2026-09-25
M1711,7348104,2026-09-25
M1711,7348261,2026-09-25
M1711,7352358,2026-09-25
M1711,7352865,2026-09-25
M1716,212SHRL,2026-09-11
M1716,212STFY,2026-09-23
M1716,3155884,2026-08-21
M1716,3791176,2026-07-07
M1716,4572224,2026-07-22
M1716,4732649,2026-09-04
M1716,5040495,2026-07-21
M1716,5135832,2026-07-19
M1716,5202951,2026-07-22
M1716,5221467,2026-08-10
M1716,5421621,2026-09-18
M1716,5553790,2026-07-29
M1716,5793047,2026-08-29
M1716,5801844,2026-09-08
M1716,5912299,2026-09-21
M1716,6108578,2026-09-11
M1716,6206247,2026-08-22
M1716,6207921,2026-08-28
M1716,6231631,2026-08-24
M1716,6318452,2026-08-26
M1716,6394664,2026-08-29
M1716,6460517,2026-08-31
M1716,6533780,2026-09-24
M1716,6574080,2026-09-03
M1716,6667398,2026-09-05
M1716,6672305,2026-09-24
M1716,6682517,2026-09-06
M1716,6682540,2026-09-06
M1716,6682542,2026-09-06
M1716,6682543,2026-09-06
M1716,6682552,2026-09-06
M1716,6682554,2026-09-06
M1716,6682816,2026-09-06
M1716,6682831,2026-09-06
M1716,6682834,2026-09-06
M1716,6682847,2026-09-06
M1716,6682848,2026-09-06
M1716,6682856,2026-09-08
M1716,6682857,2026-09-06
M1716,6682858,2026-09-06
M1716,6692176,2026-09-08
M1716,6692711,2026-09-07
M1716,6697325,2026-09-08
M1716,6728178,2026-09-08
M1716,6738741,2026-09-09
M1716,6740161,2026-09-09
M1716,6797599,2026-09-10
M1716,6797602,2026-09-10
M1716,6797635,2026-09-10
M1716,6825459,2026-09-12
M1716,6827346,2026-09-11
M1716,6827360,2026-09-11
M1716,6830770,2026-09-24
M1716,6863135,2026-09-14
M1716,6863328,2026-09-14
M1716,6863380,2026-09-14
M1716,6863428,2026-09-14
M1716,6863429,2026-09-14
M1716,6863433,2026-09-14
M1716,6863540,2026-09-14
M1716,6863547,2026-09-14
M1716,6863548,2026-09-14
M1716,6863568,2026-09-14
M1716,6863580,2026-09-14
M1716,6863598,2026-09-14
M1716,6863599,2026-09-14
M1716,6863601,2026-09-14
M1716,6863606,2026-09-14
M1716,6863609,2026-09-14
M1716,6863611,2026-09-14
M1716,6863613,2026-09-14
M1716,6863617,2026-09-14
M1716,6863620,2026-09-14
M1716,6863622,2026-09-14
M1716,6863626,2026-09-14
M1716,6863630,2026-09-14
M1716,6863635,2026-09-14
M1716,6863640,2026-09-14
M1716,6863646,2026-09-14
M1716,6863650,2026-09-14
M1716,6863652,2026-09-14
M1716,6863656,2026-09-14
M1716,6863663,2026-09-14
M1716,6863664,2026-09-14
M1716,6863667,2026-09-14
M1716,6863668,2026-09-14
M1716,6863677,2026-09-14
M1716,6863679,2026-09-14
M1716,6863681,2026-09-14
M1716,6863685,2026-09-14
M1716,6863689,2026-09-14
M1716,6863692,2026-09-14
M1716,6863702,2026-09-14
M1716,6863704,2026-09-14
M1716,6863709,2026-09-14
M1716,6863712,2026-09-14
M1716,6863716,2026-09-14
M1716,6863722,2026-09-14
M1716,6863725,2026-09-14
M1716,6863726,2026-09-14
M1716,6863731,2026-09-14
M1716,6863734,2026-09-14
M1716,6863738,2026-09-14
M1716,6863744,2026-09-14
M1716,6863745,2026-09-14
M1716,6863746,2026-09-14
M1716,6863754,2026-09-14
M1716,6863772,2026-09-14
M1716,6863773,2026-09-14
M1716,6863775,2026-09-14
M1716,6863777,2026-09-14
M1716,6863779,2026-09-14
M1716,6863785,2026-09-14
M1716,6863786,2026-09-14
M1716,6863788,2026-09-14
M1716,6863789,2026-09-14
M1716,6863792,2026-09-14
M1716,6863795,2026-09-14
M1716,6863800,2026-09-14
M1716,6863813,2026-09-14
M1716,6863814,2026-09-14
M1716,6863817,2026-09-14
M1716,6863819,2026-09-14
M1716,6863827,2026-09-14
M1716,6863829,2026-09-14
M1716,6863831,2026-09-14
M1716,6863834,2026-09-14
M1716,6863835,2026-09-14
M1716,6863839,2026-09-14
M1716,6863842,2026-09-14
M1716,6863851,2026-09-14
M1716,6863852,2026-09-14
M1716,6863854,2026-09-14
M1716,6863855,2026-09-14
M1716,6863857,2026-09-14
M1716,6863861,2026-09-14
M1716,6863864,2026-09-14
M1716,6863867,2026-09-14
M1716,6863868,2026-09-14
M1716,6863871,2026-09-14
M1716,6863875,2026-09-14
M1716,6863876,2026-09-14
M1716,6863884,2026-09-14
M1716,6863905,2026-09-14
M1716,6863908,2026-09-14
M1716,6863917,2026-09-14
M1716,6863934,2026-09-14
M1716,6863939,2026-09-14
M1716,6863940,2026-09-14
M1716,6863941,2026-09-14
M1716,6863946,2026-09-14
M1716,6863949,2026-09-14
M1716,6863962,2026-09-14
M1716,6863965,2026-09-14
M1716,6863974,2026-09-14
M1716,6863988,2026-09-14
M1716,6863990,2026-09-14
M1716,6863994,2026-09-14
M1716,6864006,2026-09-14
M1716,6864013,2026-09-14
M1716,6864014,2026-09-14
M1716,6864015,2026-09-14
M1716,6864016,2026-09-14
M1716,6864017,2026-09-14
M1716,6864023,2026-09-14
M1716,6864024,2026-09-14
M1716,6864025,2026-09-14
M1716,6864031,2026-09-14
M1716,6864034,2026-09-14
M1716,6864038,2026-09-14
M1716,6864039,2026-09-14
M1716,6864041,2026-09-14
M1716,6864054,2026-09-14
M1716,6864068,2026-09-14
M1716,6864069,2026-09-14
M1716,6864078,2026-09-14
M1716,6864080,2026-09-14
M1716,6864085,2026-09-14
M1716,6864113,2026-09-14
M1716,6864127,2026-09-14
M1716,6864148,2026-09-14
M1716,6864151,2026-09-14
M1716,6864158,2026-09-14
M1716,6864170,2026-09-14
M1716,6864195,2026-09-14
M1716,6864197,2026-09-14
M1716,6864211,2026-09-14
M1716,6864218,2026-09-14
M1716,6864223,2026-09-14
M1716,6864240,2026-09-14
M1716,6864260,2026-09-14
M1716,6864302,2026-09-14
M1716,6864303,2026-09-14
M1716,6864335,2026-09-14
M1716,6864348,2026-09-14
M1716,6864354,2026-09-14
M1716,6864357,2026-09-14
M1716,6864371,2026-09-14
M1716,6864375,2026-09-14
M1716,6864379,2026-09-14
M1716,6864383,2026-09-14
M1716,6864388,2026-09-14
M1716,6864389,2026-09-14
M1716,6864396,2026-09-14
M1716,6864402,2026-09-14
M1716,6864411,2026-09-14
M1716,6864421,2026-09-14
M1716,6864427,2026-09-14
M1716,6864435,2026-09-14
M1716,6864440,2026-09-14
M1716,6864450,2026-09-14
M1716,6864459,2026-09-14
M1716,6864465,2026-09-14
M1716,6864468,2026-09-14
M1716,6864473,2026-09-14
M1716,6864487,2026-09-14
M1716,6864491,2026-09-14
M1716,6864500,2026-09-14
M1716,6864519,2026-09-14
M1716,6864530,2026-09-14
M1716,6864536,2026-09-14
M1716,6864541,2026-09-14
M1716,6864550,2026-09-14
M1716,6864576,2026-09-14
M1716,6864595,2026-09-14
M1716,6864597,2026-09-14
M1716,6864598,2026-09-14
M1716,6864607,2026-09-14
M1716,6864615,2026-09-14
M1716,6864620,2026-09-14
M1716,6864624,2026-09-14
M1716,6864635,2026-09-14
M1716,6864648,2026-09-14
M1716,6864658,2026-09-14
M1716,6864659,2026-09-14
M1716,6864661,2026-09-14
M1716,6864686,2026-09-14
M1716,6864691,2026-09-14
M1716,6864692,2026-09-14
M1716,6864696,2026-09-14
M1716,6864711,2026-09-14
M1716,6864718,2026-09-14
M1716,6864719,2026-09-14
M1716,6864720,2026-09-14
M1716,6907951,2026-09-24
M1716,6911506,2026-09-16
M1716,6927331,2026-09-16
M1716,6928070,2026-09-16
M1716,6947467,2026-09-18
M1716,7008209,2026-09-18
M1716,7030413,2026-09-19
M1716,7043516,2026-09-20
M1716,7053130,2026-09-22
M1716,7074198,2026-09-22
M1716,7092941,2026-09-22
M1716,7093771,2026-09-22
M1716,7094057,2026-09-22
M1716,7132277,2026-09-23
M1716,7132286,2026-09-23
M1716,7132309,2026-09-23
M1716,7135010,2026-09-23
M1716,7136534,2026-09-23
M1716,7151546,2026-09-23
M1716,7151807,2026-09-23
M1716,7161871,2026-09-24
M1716,7165212,2026-09-24
M1716,7168293,2026-09-24
M1716,7346039,2026-09-24
M1718,2026828,2026-09-25
M1718,209FNBG,2026-09-17
M1718,210MQLM,2026-09-03
M1718,211HCPS,2026-09-17
M1718,211HCSM,2026-09-17
M1718,212DLSM,2026-09-24
M1718,212PFYN,2026-09-21
M1718,212QXGL,2026-09-22
M1718,212SVDP,2026-09-16
M1718,212TKYQ,2026-09-22
M1718,212WVFS,2026-09-17
M1718,212XYYW,2026-09-16
M1718,212ZWMT,2026-09-21
M1718,213DRLV,2026-09-16
M1718,213FWFF,2026-09-22
M1718,213GCBP,2026-09-03
M1718,213GXCL,2026-09-17
M1718,213KWMQ,2026-09-25
M1718,213LYQZ,2026-09-25
M1718,213MPNQ,2026-09-07
M1718,213MTFK,2026-09-08
M1718,213NPQQ,2026-09-08
M1718,213PTYT,2026-09-18
M1718,213QKXN,2026-09-24
M1718,213QTHS,2026-09-22
M1718,213RFXS,2026-09-16
M1718,213RGGD,2026-09-22
M1718,213SCPM,2026-09-14
M1718,213VPDG,2026-09-24
M1718,213VQXG,2026-09-15
M1718,213YBWR,2026-09-16
M1718,214BJLW,2026-09-18
M1718,214CTPQ,2026-09-19
M1718,214CYRG,2026-09-23
M1718,214DRFL,2026-09-21
M1718,214DVGB,2026-09-24
M1718,214FDLM,2026-09-23
M1718,214GPMB,2026-09-23
M1718,214HNKT,2026-09-23
M1718,214JJPB,2026-09-24
M1718,2427329,2026-07-07
M1718,4422057,2026-07-22
M1718,4526719,2026-07-31
M1718,4706918,2026-09-04
M1718,5193363,2026-07-21
M1718,5403894,2026-08-31
M1718,5424884,2026-09-02
M1718,5463117,2026-07-25
M1718,5503385,2026-08-31
M1718,5688028,2026-08-31
M1718,5690951,2026-08-04
M1718,5706230,2026-08-05
M1718,5718443,2026-08-31
M1718,5857224,2026-08-29
M1718,6170114,2026-08-28
M1718,6206090,2026-09-02
M1718,6207918,2026-08-28
M1718,6398590,2026-09-21
M1718,6418399,2026-09-02
M1718,6445510,2026-08-31
M1718,6445528,2026-08-31
M1718,6445550,2026-08-31
M1718,6445554,2026-08-31
M1718,6445558,2026-08-31
M1718,6478487,2026-09-05
M1718,6505988,2026-09-25
M1718,6512105,2026-09-11
M1718,6531897,2026-09-10
M1718,6539995,2026-09-03
M1718,6576371,2026-09-03
M1718,6577080,2026-09-03
M1718,6577107,2026-09-03
M1718,6598654,2026-09-05
M1718,6598657,2026-09-08
M1718,6625400,2026-09-09
M1718,6639382,2026-09-05
M1718,6644267,2026-09-08
M1718,6667404,2026-09-05
M1718,6682593,2026-09-06
M1718,6682640,2026-09-06
M1718,6697892,2026-09-07
M1718,6707404,2026-09-08
M1718,6707413,2026-09-08
M1718,6707431,2026-09-08
M1718,6707441,2026-09-08
M1718,6728911,2026-09-08
M1718,6738153,2026-09-08
M1718,6775796,2026-09-09
M1718,6824309,2026-09-12
M1718,6824651,2026-09-12
M1718,6824998,2026-09-12
M1718,6825195,2026-09-12
M1718,6825445,2026-09-12
M1718,6825452,2026-09-12
M1718,6825697,2026-09-12
M1718,6825887,2026-09-12
M1718,6827348,2026-09-11
M1718,6848568,2026-09-12
M1718,6866174,2026-09-15
M1718,6895171,2026-09-15
M1718,6895262,2026-09-15
M1718,6895789,2026-09-15
M1718,6928591,2026-09-16
M1718,6966796,2026-09-17
M1718,7030258,2026-09-19
M1718,7030273,2026-09-19
M1718,7030362,2026-09-19
M1718,7032653,2026-09-19
M1718,7059865,2026-09-25
M1718,7092800,2026-09-22
M1718,7092853,2026-09-23
M1718,7093088,2026-09-22
M1718,7095153,2026-09-22
M1718,7125917,2026-09-23
M1718,7126106,2026-09-23
M1718,7126218,2026-09-23
M1718,7134849,2026-09-23
M1718,7134975,2026-09-23
M1718,7135042,2026-09-23
M1718,7161758,2026-09-24
M1718,7161783,2026-09-24
M1718,7164266,2026-09-24
M1719,214FYYP,2026-09-22
M1886,1918200,2026-07-27
M1886,211RMWM,2026-09-25
M1886,211WRFV,2026-09-04
M1886,212DQTZ,2026-09-11
M1886,212JBRW,2026-09-23
M1886,213KJBX,2026-09-25
M1886,213MJBW,2026-09-24
M1886,213NFKD,2026-09-24
M1886,213ZDNL,2026-09-22
M1886,214HWYD,2026-09-24
M1886,214JBPC,2026-09-24
M1886,2207624,2026-07-27
M1886,3115654,2026-07-07
M1886,3740191,2026-07-27
M1886,3759624,2026-07-26
M1886,4031518,2026-08-01
M1886,4135195,2026-09-15
M1886,4482194,2026-07-07
M1886,4710388,2026-09-06
M1886,4710609,2026-09-18
M1886,4776600,2026-07-10
M1886,4796923,2026-09-18
M1886,4824401,2026-08-05
M1886,5058045,2026-08-24
M1886,5221068,2026-07-22
M1886,5221069,2026-07-22
M1886,5221104,2026-07-22
M1886,5342138,2026-07-22
M1886,5424314,2026-07-24
M1886,5689470,2026-09-12
M1886,5698974,2026-08-05
M1886,5829540,2026-08-08
M1886,6002689,2026-08-15
M1886,6002694,2026-08-15
M1886,6023491,2026-08-15
M1886,6203705,2026-09-22
M1886,6341965,2026-08-27
M1886,6355264,2026-08-28
M1886,6420978,2026-08-29
M1886,6425669,2026-09-22
M1886,6441594,2026-08-31
M1886,6445522,2026-08-31
M1886,6467998,2026-09-01
M1886,6472898,2026-09-01
M1886,6501864,2026-09-25
M1886,6517384,2026-09-02
M1886,6517658,2026-09-02
M1886,6517711,2026-09-02
M1886,6517722,2026-09-02
M1886,6529119,2026-09-02
M1886,6535873,2026-09-03
M1886,6576311,2026-09-03
M1886,6602528,2026-09-04
M1886,6625199,2026-09-07
M1886,6634910,2026-09-04
M1886,6673516,2026-09-06
M1886,6738445,2026-09-09
M1886,6739870,2026-09-11
M1886,6782115,2026-09-10
M1886,6782120,2026-09-10
M1886,6782252,2026-09-11
M1886,6808049,2026-09-11
M1886,6824384,2026-09-12
M1886,6824642,2026-09-12
M1886,6825011,2026-09-12
M1886,6825173,2026-09-12
M1886,6825354,2026-09-12
M1886,6825529,2026-09-12
M1886,6825582,2026-09-12
M1886,6825701,2026-09-12
M1886,6825825,2026-09-12
M1886,6825847,2026-09-12
M1886,6845543,2026-09-12
M1886,6845548,2026-09-12
M1886,6845653,2026-09-12
M1886,6845676,2026-09-12
M1886,6845692,2026-09-12
M1886,6881958,2026-09-21
M1886,6885065,2026-09-15
M1886,6895187,2026-09-18
M1886,6909037,2026-09-16
M1886,6909059,2026-09-16
M1886,6909079,2026-09-16
M1886,6927315,2026-09-16
M1886,6927347,2026-09-16
M1886,6927356,2026-09-16
M1886,6927421,2026-09-16
M1886,6961766,2026-09-17
M1886,6961831,2026-09-17
M1886,6961855,2026-09-17
M1886,6963877,2026-09-17
M1886,6985770,2026-09-18
M1886,7030309,2026-09-19
M1886,7030316,2026-09-19
M1886,7042931,2026-09-20
M1886,7067825,2026-09-21
M1886,7068217,2026-09-22
M1886,7092848,2026-09-22
M1886,7092981,2026-09-22
M1886,7092995,2026-09-22
M1886,7095238,2026-09-22
M1886,7105111,2026-09-23
M1886,7125964,2026-09-23
M1886,7126030,2026-09-23
M1886,7132063,2026-09-23
M1886,7132917,2026-09-23
M1886,7136492,2026-09-23
M1886,7161920,2026-09-24
M1886,7348239,2026-09-25
M1886,7351245,2026-09-25
M1886,7352867,2026-09-25
M1886,7354658,2026-09-25
M1886,7379923,2026-09-25
M1886,7379972,2026-09-25
